g_id,g_level,g_maxTick,g_seed,g_size,p1_id,p1_version,p1_lastTick,p1_score,p2_id,p2_version,p2_lastTick,p2_score,p3_id,p3_version,p3_lastTick,p3_score,p4_id,p4_version,p4_lastTick,p4_score
1637255133,1,600,810,11,1,final_v4@600,327,830.47998046875,2,final_v5@600,9999,1476,3,final_v6@600,631,1510,4,local@600,631,1374
1637255430,9,1000,609,21,1,final_v4@600,482,837.4080200195312,2,final_v5@600,1112,1738,3,final_v6@600,411,807.1840209960938,4,local@600,1112,1682
1637255921,2,900,52,9,1,final_v4@600,356,962.9600219726562,2,final_v5@600,867,1872.719970703125,3,final_v6@600,255,416.79998779296875,4,local@600,9999,1584
1637256378,9,1000,94,21,1,final_v4@600,1112,1740,2,final_v5@600,1112,2262,3,final_v6@600,1112,1884,4,local@600,1112,2046
1637256875,2,900,393,9,1,final_v4@600,342,786.719970703125,2,final_v5@600,9999,1994,3,final_v6@600,313,526.0800170898438,4,local@600,920,1954
1637257283,5,850,969,17,1,final_v4@600,781,1886.310546875,2,final_v5@600,922,1934,3,final_v6@600,924,1940,4,local@600,924,1940
