g_id,g_level,g_maxTick,g_seed,g_size,p1_id,p1_version,p1_lastTick,p1_score,p2_id,p2_version,p2_lastTick,p2_score,p3_id,p3_version,p3_lastTick,p3_score,p4_id,p4_version,p4_lastTick,p4_score
1637176628,8,1200,926,21,1,final_v2@600,1312,2310,2,final_v3@600,1312,2598,3,final_v4@600,1312,2610,4,local@600,1312,2602
1637177200,9,1000,856,21,1,final_v2@600,570,1056.0799560546875,2,final_v3@600,1112,2158,3,final_v4@600,472,1013.968017578125,4,local@600,1112,1714
1637177708,4,1000,474,21,1,final_v2@600,1111,2229,2,final_v3@600,1111,2337,3,final_v4@600,1111,2523,4,local@600,9999,2651
1637178260,10,800,838,15,1,final_v2@600,859,1918,2,final_v3@600,859,1876,3,final_v4@600,858,1912,4,local@600,859,2118
1637178665,8,1200,793,21,1,final_v2@600,905,1545.5999755859375,2,final_v3@600,1311,2349,3,final_v4@600,1311,2409,4,local@600,9999,2429
