{
  "crashes": null,
  "game": {
    "id": 1637334235,
    "level": 10,
    "maxTick": 800,
    "seed": 835,
    "size": 15
  },
  "results": [
    {
      "lastTick": 261,
      "player": 1,
      "score": 732.97998046875,
      "version": "local@150"
    },
    {
      "lastTick": 9999,
      "player": 2,
      "score": 1142.0,
      "version": "local@150"
    },
    {
      "lastTick": 245,
      "player": 3,
      "score": 406.1000061035156,
      "version": "final_v7b@150"
    },
    {
      "lastTick": 245,
      "player": 4,
      "score": 322.1000061035156,
      "version": "final_v7b@150"
    }
  ]
}