g_id,g_level,g_maxTick,g_seed,g_size,p1_id,p1_version,p1_lastTick,p1_score,p2_id,p2_version,p2_lastTick,p2_score,p3_id,p3_version,p3_lastTick,p3_score,p4_id,p4_version,p4_lastTick,p4_score
1637329150,7,800,838,21,1,local@150,9999,3064,2,local@150,708,2931.43994140625,3,final_v7b@150,570,746.5999755859375,4,final_v7b@150,570,782.5999755859375
1637329267,7,800,793,21,1,local@150,497,1949.4599609375,2,local@150,574,2317.320068359375,3,final_v7b@150,911,396,4,final_v7b@150,911,420
1637329415,5,850,735,17,1,local@150,700,1322.5882568359375,2,local@150,9999,1380,3,final_v7b@150,700,1372.5882568359375,4,final_v7b@150,700,1360.5882568359375
