{
  "crashes": null,
  "game": {
    "id": 1637327028,
    "level": 7,
    "maxTick": 800,
    "seed": 763,
    "size": 21
  },
  "results": [
    {
      "lastTick": 9999,
      "player": 1,
      "score": 1898.0,
      "version": "local@150"
    },
    {
      "lastTick": 631,
      "player": 2,
      "score": 1783.5799560546875,
      "version": "local@150"
    },
    {
      "lastTick": 351,
      "player": 3,
      "score": 1001.1799926757813,
      "version": "final_v7b@150"
    },
    {
      "lastTick": 631,
      "player": 4,
      "score": 1931.5799560546875,
      "version": "final_v7b@150"
    }
  ]
}