g_id,g_level,g_maxTick,g_seed,g_size,p1_id,p1_version,p1_lastTick,p1_score,p2_id,p2_version,p2_lastTick,p2_score,p3_id,p3_version,p3_lastTick,p3_score,p4_id,p4_version,p4_lastTick,p4_score
1637246105,5,850,70,17,1,final_v3@600,923,1800,2,final_v4@600,413,795.967041015625,3,final_v5@600,299,494.65411376953125,4,local@600,9999,1506
1637246510,6,900,278,21,1,final_v3@600,1011,2717,2,final_v4@600,1011,2609,3,final_v5@600,1012,2523,4,local@600,1012,2843
1637247011,7,800,721,21,1,final_v3@600,911,2411,2,final_v4@600,911,2475,3,final_v5@600,912,2673,4,local@600,912,2789
1637247477,7,800,208,21,1,final_v3@600,911,2166,2,final_v4@600,911,3244,3,final_v5@600,401,2242.179931640625,4,local@600,9999,2676
1637247931,9,1000,231,21,1,final_v3@600,1112,2606,2,final_v4@600,1112,2530,3,final_v5@600,1112,2632,4,local@600,1112,2652
