{
  "crashes": null,
  "game": {
    "id": 1637327036,
    "level": 1,
    "maxTick": 600,
    "seed": 768,
    "size": 11
  },
  "results": [
    {
      "lastTick": 136,
      "player": 1,
      "score": 201.63999938964844,
      "version": "local@150"
    },
    {
      "lastTick": 9999,
      "player": 2,
      "score": 1137.0,
      "version": "local@150"
    },
    {
      "lastTick": 494,
      "player": 3,
      "score": 1013.5599975585938,
      "version": "final_v7b@150"
    },
    {
      "lastTick": 494,
      "player": 4,
      "score": 1129.56005859375,
      "version": "final_v7b@150"
    }
  ]
}