g_id,g_level,g_maxTick,g_seed,g_size,p1_id,p1_version,p1_lastTick,p1_score,p2_id,p2_version,p2_lastTick,p2_score,p3_id,p3_version,p3_lastTick,p3_score,p4_id,p4_version,p4_lastTick,p4_score
1637161479,9,1000,840,21,1,final_v2@600,443,883.7919921875,2,final_v3@600,524,1071.4560546875,3,final_v4@600,1112,1816,4,local@600,1112,1840
1637161981,4,1000,311,21,1,final_v2@600,1111,2122,2,final_v3@600,1112,2628,3,final_v4@600,1112,1800,4,local@600,1112,1918
1637162521,2,900,647,9,1,final_v2@600,922,2195,2,final_v3@600,922,2135,3,final_v4@600,922,2267,4,local@600,922,2123
1637162921,8,1200,172,21,1,final_v2@600,246,389.5199890136719,2,final_v3@600,246,365.5199890136719,3,final_v4@600,1312,2382,4,local@600,1312,1098
1637163487,5,850,539,17,1,final_v2@600,922,1791,2,final_v3@600,924,1945,3,final_v4@600,924,1929,4,local@600,924,1623
1637163903,4,1000,839,21,1,final_v2@600,1110,2256,2,final_v3@600,1112,1930,3,final_v4@600,1111,2242,4,local@600,1112,2216
