g_id,g_level,g_maxTick,g_seed,g_size,p1_id,p1_version,p1_lastTick,p1_score,p2_id,p2_version,p2_lastTick,p2_score,p3_id,p3_version,p3_lastTick,p3_score,p4_id,p4_version,p4_lastTick,p4_score
1637331948,4,1000,574,21,1,local@150,400,1481.5999755859375,2,local@150,308,888.3519897460938,3,final_v7b@150,400,1307.5999755859375,4,final_v7b@150,369,983.135986328125
1637332016,10,800,79,15,1,local@150,410,731.7999877929688,2,local@150,410,637.7999877929688,3,final_v7b@150,517,847.0599975585938,4,final_v7b@150,517,789.0599975585938
