{
  "crashes": null,
  "game": {
    "id": 1637326983,
    "level": 5,
    "maxTick": 850,
    "seed": 326,
    "size": 17
  },
  "results": [
    {
      "lastTick": 611,
      "player": 1,
      "score": 1025.5106201171875,
      "version": "local@150"
    },
    {
      "lastTick": 745,
      "player": 2,
      "score": 1446.2117919921875,
      "version": "local@150"
    },
    {
      "lastTick": 745,
      "player": 3,
      "score": 1474.2117919921875,
      "version": "final_v7b@150"
    },
    {
      "lastTick": 697,
      "player": 4,
      "score": 1132.0799560546875,
      "version": "final_v7b@150"
    }
  ]
}