{
  "crashes": null,
  "game": {
    "id": 1637178441,
    "level": 1,
    "maxTick": 600,
    "seed": 236,
    "size": 11
  },
  "results": [
    {
      "lastTick": 539,
      "player": 1,
      "score": 1409.3599853515625,
      "version": "final_v2@600"
    },
    {
      "lastTick": 566,
      "player": 2,
      "score": 1503.8399658203125,
      "version": "final_v3@600"
    },
    {
      "lastTick": 566,
      "player": 3,
      "score": 1575.8399658203125,
      "version": "final_v4@600"
    },
    {
      "lastTick": 9999,
      "player": 4,
      "score": 1624.0,
      "version": "local@600"
    }
  ]
}