g_id,g_level,g_maxTick,g_seed,g_size,p1_id,p1_version,p1_lastTick,p1_score,p2_id,p2_version,p2_lastTick,p2_score,p3_id,p3_version,p3_lastTick,p3_score,p4_id,p4_version,p4_lastTick,p4_score
1637097423,9,1000,840,21,1,final_v3@600,1112,2535,2,final_v3@600,1112,2399,3,final_v3@600,1112,2367,4,local@600,500,1123
1637097937,4,1000,311,21,1,final_v3@600,1112,3232,2,final_v3@600,1112,2544,3,final_v3@600,1112,2544,4,local@600,1112,2900
1637098494,2,900,647,9,1,final_v3@600,922,2820,2,final_v3@600,922,2836,3,final_v3@600,922,2878,4,local@600,922,2862
1637098899,8,1200,172,21,1,final_v3@600,327,603.239990234375,2,final_v3@600,327,591.239990234375,3,final_v3@600,327,663.239990234375,4,local@600,9999,1380
1637099062,5,850,539,17,1,final_v3@600,924,2682,2,final_v3@600,924,2670,3,final_v3@600,924,2706,4,local@600,924,2694
1637099494,4,1000,839,21,1,final_v3@600,1112,2876,2,final_v3@600,1112,2660,3,final_v3@600,1112,2660,4,local@600,1112,2976
