{
  "crashes": null,
  "game": {
    "id": 1637330543,
    "level": 7,
    "maxTick": 800,
    "seed": 793,
    "size": 21
  },
  "results": [
    {
      "lastTick": 466,
      "player": 1,
      "score": 1567.8800048828125,
      "version": "local@150"
    },
    {
      "lastTick": 381,
      "player": 2,
      "score": 1332.5799560546875,
      "version": "local@150"
    },
    {
      "lastTick": 466,
      "player": 3,
      "score": 1431.8800048828125,
      "version": "final_v7b@150"
    },
    {
      "lastTick": 434,
      "player": 4,
      "score": 1566.1199951171875,
      "version": "final_v7b@150"
    }
  ]
}