g_id,g_level,g_maxTick,g_seed,g_size,p1_id,p1_version,p1_lastTick,p1_score,p2_id,p2_version,p2_lastTick,p2_score,p3_id,p3_version,p3_lastTick,p3_score,p4_id,p4_version,p4_lastTick,p4_score
1637326941,3,1000,297,19,1,local@150,9999,1443,2,local@150,589,1413.8160400390625,3,final_v7b@150,513,1282.8719482421875,4,final_v7b@150,513,1144.8719482421875
1637327024,4,1000,675,21,1,local@150,614,1726.416015625,2,local@150,1111,2402,3,final_v7b@150,575,1320.800048828125,4,final_v7b@150,1111,2238
1637327175,8,1200,68,21,1,local@150,9999,888,2,local@150,563,955.5599975585938,3,final_v7b@150,563,1019.5599975585938,4,final_v7b@150,563,935.5599975585938
