{
  "crashes": null,
  "game": {
    "id": 1637326946,
    "level": 1,
    "maxTick": 600,
    "seed": 981,
    "size": 11
  },
  "results": [
    {
      "lastTick": 419,
      "player": 1,
      "score": 1014.5599975585938,
      "version": "local@150"
    },
    {
      "lastTick": 549,
      "player": 2,
      "score": 1069.760009765625,
      "version": "local@150"
    },
    {
      "lastTick": 549,
      "player": 3,
      "score": 1331.760009765625,
      "version": "final_v7b@150"
    },
    {
      "lastTick": 399,
      "player": 4,
      "score": 1027.760009765625,
      "version": "final_v7b@150"
    }
  ]
}