g_id,g_level,g_maxTick,g_seed,g_size,p1_id,p1_version,p1_lastTick,p1_score,p2_id,p2_version,p2_lastTick,p2_score,p3_id,p3_version,p3_lastTick,p3_score,p4_id,p4_version,p4_lastTick,p4_score
1637240531,1,600,388,11,1,final_v5@600,633,1648,2,final_v5@600,633,1456,3,final_v5@600,633,1592,4,local@600,633,1712
1637240821,7,800,103,21,1,final_v5@600,9999,2690,2,final_v5@600,437,1456.6600341796875,3,final_v5@600,437,1468.6600341796875,4,local@600,911,2798
1637241291,1,600,671,11,1,final_v5@600,633,1888,2,final_v5@600,633,1816,3,final_v5@600,633,1968,4,local@600,633,1852
1637241573,3,1000,347,19,1,final_v5@600,1093,2963,2,final_v5@600,1093,2951,3,final_v5@600,1093,2987,4,local@600,1093,3411
1637242104,7,800,464,21,1,final_v5@600,912,2673,2,final_v5@600,912,2649,3,final_v5@600,912,2673,4,local@600,912,3213
