{
  "crashes": null,
  "game": {
    "id": 1636904850,
    "level": 7,
    "maxTick": 800,
    "seed": 208,
    "size": 21
  },
  "results": [
    {
      "lastTick": 9999,
      "player": 1,
      "score": 2359.0,
      "version": "final_v1@600"
    },
    {
      "lastTick": 386,
      "player": 2,
      "score": 2200.47998046875,
      "version": "semifinal@600"
    },
    {
      "lastTick": 394,
      "player": 3,
      "score": 1747.9200439453125,
      "version": "semifinal@600"
    },
    {
      "lastTick": 394,
      "player": 4,
      "score": 1711.9200439453125,
      "version": "semifinal@600"
    }
  ]
}