{
  "crashes": null,
  "game": {
    "id": 1637326942,
    "level": 10,
    "maxTick": 800,
    "seed": 105,
    "size": 15
  },
  "results": [
    {
      "lastTick": 533,
      "player": 1,
      "score": 1197.93994140625,
      "version": "local@150"
    },
    {
      "lastTick": 412,
      "player": 2,
      "score": 1016.1599731445313,
      "version": "local@150"
    },
    {
      "lastTick": 533,
      "player": 3,
      "score": 1167.93994140625,
      "version": "final_v7b@150"
    },
    {
      "lastTick": 289,
      "player": 4,
      "score": 428.0199890136719,
      "version": "final_v7b@150"
    }
  ]
}