{
  "crashes": null,
  "game": {
    "id": 1637330637,
    "level": 5,
    "maxTick": 850,
    "seed": 384,
    "size": 17
  },
  "results": [
    {
      "lastTick": 9999,
      "player": 1,
      "score": 756.0,
      "version": "local@150"
    },
    {
      "lastTick": 167,
      "player": 2,
      "score": 484.2917785644531,
      "version": "local@150"
    },
    {
      "lastTick": 228,
      "player": 3,
      "score": 392.6258850097656,
      "version": "final_v7b@150"
    },
    {
      "lastTick": 167,
      "player": 4,
      "score": 394.2917785644531,
      "version": "final_v7b@150"
    }
  ]
}