g_id,g_level,g_maxTick,g_seed,g_size,p1_id,p1_version,p1_lastTick,p1_score,p2_id,p2_version,p2_lastTick,p2_score,p3_id,p3_version,p3_lastTick,p3_score,p4_id,p4_version,p4_lastTick,p4_score
1637153192,10,800,841,15,1,final_v2@600,859,2392,2,final_v3@600,859,2274,3,final_v4@600,859,2400,4,local@600,859,2534
1637153591,10,800,768,15,1,final_v2@600,859,2222,2,final_v3@600,859,1998,3,final_v4@600,859,2058,4,local@600,859,2062
1637153976,8,1200,154,21,1,final_v2@600,853,1587.3599853515625,2,final_v3@600,1312,2477,3,final_v4@600,1312,2313,4,local@600,1312,2541
1637154557,6,900,260,21,1,final_v2@600,1011,2466,2,final_v3@600,9999,2282,3,final_v4@600,416,1566.56005859375,4,local@600,1010,2376
1637155068,1,600,536,11,1,final_v2@600,633,1614,2,final_v3@600,633,1568,3,final_v4@600,633,1474,4,local@600,632,1524
