{
  "crashes": null,
  "game": {
    "id": 1637333313,
    "level": 6,
    "maxTick": 900,
    "seed": 429,
    "size": 21
  },
  "results": [
    {
      "lastTick": 9999,
      "player": 1,
      "score": 1922.0,
      "version": "local@150"
    },
    {
      "lastTick": 614,
      "player": 2,
      "score": 1790.239990234375,
      "version": "local@150"
    },
    {
      "lastTick": 578,
      "player": 3,
      "score": 1116.47998046875,
      "version": "final_v7b@150"
    },
    {
      "lastTick": 578,
      "player": 4,
      "score": 1498.47998046875,
      "version": "final_v7b@150"
    }
  ]
}