{
  "crashes": null,
  "game": {
    "id": 1637329161,
    "level": 9,
    "maxTick": 1000,
    "seed": 829,
    "size": 21
  },
  "results": [
    {
      "lastTick": 599,
      "player": 1,
      "score": 1038.2559814453125,
      "version": "local@150"
    },
    {
      "lastTick": 599,
      "player": 2,
      "score": 1090.2559814453125,
      "version": "local@150"
    },
    {
      "lastTick": 554,
      "player": 3,
      "score": 1007.7760009765625,
      "version": "final_v7b@150"
    },
    {
      "lastTick": 554,
      "player": 4,
      "score": 939.7760009765625,
      "version": "final_v7b@150"
    }
  ]
}