g_id,g_level,g_maxTick,g_seed,g_size,p1_id,p1_version,p1_lastTick,p1_score,p2_id,p2_version,p2_lastTick,p2_score,p3_id,p3_version,p3_lastTick,p3_score,p4_id,p4_version,p4_lastTick,p4_score
1637129963,8,1200,926,21,1,final_v2@600,1312,2532,2,final_v3@600,1312,2328,3,final_v4@600,1312,2334,4,local@600,1312,2358
1637130537,9,1000,856,21,1,final_v2@600,498,779.7119750976562,2,final_v3@600,1112,1764,3,final_v4@600,1112,1884,4,local@600,518,950.5919799804688
1637131043,4,1000,474,21,1,final_v2@600,1112,1952,2,final_v3@600,465,1354.9599609375,3,final_v4@600,465,1354.9599609375,4,local@600,1112,2476
1637131573,10,800,838,15,1,final_v2@600,859,2338,2,final_v3@600,859,2126,3,final_v4@600,859,2114,4,local@600,859,2350
1637131971,8,1200,793,21,1,final_v2@600,437,736.4400024414062,2,final_v3@600,1312,2464,3,final_v4@600,1312,2742,4,local@600,1312,2398
