{
  "crashes": null,
  "game": {
    "id": 1637330665,
    "level": 10,
    "maxTick": 800,
    "seed": 658,
    "size": 15
  },
  "results": [
    {
      "lastTick": 398,
      "player": 1,
      "score": 1081.6400146484375,
      "version": "local@150"
    },
    {
      "lastTick": 398,
      "player": 2,
      "score": 971.6400146484375,
      "version": "local@150"
    },
    {
      "lastTick": 648,
      "player": 3,
      "score": 1226.6400146484375,
      "version": "final_v7b@150"
    },
    {
      "lastTick": 648,
      "player": 4,
      "score": 1160.6400146484375,
      "version": "final_v7b@150"
    }
  ]
}