{
  "crashes": null,
  "game": {
    "id": 1637333204,
    "level": 9,
    "maxTick": 1000,
    "seed": 567,
    "size": 21
  },
  "results": [
    {
      "lastTick": 9999,
      "player": 1,
      "score": 708.0,
      "version": "local@150"
    },
    {
      "lastTick": 362,
      "player": 2,
      "score": 748.1279907226563,
      "version": "local@150"
    },
    {
      "lastTick": 309,
      "player": 3,
      "score": 740.4959716796875,
      "version": "final_v7b@150"
    },
    {
      "lastTick": 309,
      "player": 4,
      "score": 708.4959716796875,
      "version": "final_v7b@150"
    }
  ]
}