{
  "crashes": null,
  "game": {
    "id": 1637476013,
    "level": 8,
    "maxTick": 1200,
    "seed": 856,
    "size": 21
  },
  "results": [
    {
      "lastTick": 554,
      "player": 1,
      "score": 624.47998046875,
      "version": "local@200"
    },
    {
      "lastTick": 589,
      "player": 2,
      "score": 928.6799926757813,
      "version": "local@200"
    },
    {
      "lastTick": 754,
      "player": 3,
      "score": 1350.47998046875,
      "version": "final_v8@200"
    },
    {
      "lastTick": 754,
      "player": 4,
      "score": 774.47998046875,
      "version": "final_v8@200"
    }
  ]
}