{
  "crashes": null,
  "game": {
    "id": 1637333296,
    "level": 6,
    "maxTick": 900,
    "seed": 457,
    "size": 21
  },
  "results": [
    {
      "lastTick": 422,
      "player": 1,
      "score": 1755.52001953125,
      "version": "local@150"
    },
    {
      "lastTick": 223,
      "player": 2,
      "score": 667.6799926757813,
      "version": "local@150"
    },
    {
      "lastTick": 422,
      "player": 3,
      "score": 1543.52001953125,
      "version": "final_v7b@150"
    },
    {
      "lastTick": 244,
      "player": 4,
      "score": 959.0399780273438,
      "version": "final_v7b@150"
    }
  ]
}