g_id,g_level,g_maxTick,g_seed,g_size,p1_id,p1_version,p1_lastTick,p1_score,p2_id,p2_version,p2_lastTick,p2_score,p3_id,p3_version,p3_lastTick,p3_score,p4_id,p4_version,p4_lastTick,p4_score
1637166282,1,600,388,11,1,final_v2@600,633,1505,2,final_v3@600,633,1385,3,final_v4@600,632,1409,4,local@600,633,1465
1637166559,7,800,103,21,1,final_v2@600,268,648.239990234375,2,final_v3@600,911,2678,3,final_v4@600,910,2600,4,local@600,9999,3134
1637167038,1,600,671,11,1,final_v2@600,633,1497,2,final_v3@600,633,1529,3,final_v4@600,633,1583,4,local@600,633,1575
1637167317,3,1000,347,19,1,final_v2@600,1093,2570,2,final_v3@600,1093,2226,3,final_v4@600,1093,2242,4,local@600,1093,2310
1637167830,7,800,464,21,1,final_v2@600,911,1656,2,final_v3@600,437,2248.659912109375,3,final_v4@600,352,1989.3599853515625,4,local@600,9999,2276
