{
  "crashes": null,
  "game": {
    "id": 1637334133,
    "level": 6,
    "maxTick": 900,
    "seed": 429,
    "size": 21
  },
  "results": [
    {
      "lastTick": 9999,
      "player": 1,
      "score": 2216.0,
      "version": "local@150"
    },
    {
      "lastTick": 106,
      "player": 2,
      "score": 388.9599914550781,
      "version": "local@150"
    },
    {
      "lastTick": 733,
      "player": 3,
      "score": 2059.280029296875,
      "version": "final_v7b@150"
    },
    {
      "lastTick": 706,
      "player": 4,
      "score": 2210.9599609375,
      "version": "final_v7b@150"
    }
  ]
}