g_id,g_level,g_maxTick,g_seed,g_size,p1_id,p1_version,p1_lastTick,p1_score,p2_id,p2_version,p2_lastTick,p2_score,p3_id,p3_version,p3_lastTick,p3_score,p4_id,p4_version,p4_lastTick,p4_score
1637129976,1,600,810,11,1,final_v2@600,633,1832,2,final_v3@600,633,1856,3,final_v4@600,633,1946,4,local@600,633,1886
1637130262,9,1000,609,21,1,final_v2@600,461,972.384033203125,2,final_v3@600,1112,2408,3,final_v4@600,1112,2438,4,local@600,1112,2468
1637130763,2,900,52,9,1,final_v2@600,922,2421,2,final_v3@600,922,2425,3,final_v4@600,922,2299,4,local@600,922,2335
1637131156,9,1000,94,21,1,final_v2@600,1112,2778,2,final_v3@600,1112,2928,3,final_v4@600,1112,2964,4,local@600,1112,2910
1637131654,2,900,393,9,1,final_v2@600,375,1090,2,final_v3@600,922,2142,3,final_v4@600,922,2178,4,local@600,106,314.9599914550781
1637132066,5,850,969,17,1,final_v2@600,924,2257,2,final_v3@600,924,2275,3,final_v4@600,924,2275,4,local@600,924,2277
