{
  "crashes": null,
  "game": {
    "id": 1637329380,
    "level": 9,
    "maxTick": 1000,
    "seed": 583,
    "size": 21
  },
  "results": [
    {
      "lastTick": 377,
      "player": 1,
      "score": 834.2880249023438,
      "version": "local@150"
    },
    {
      "lastTick": 377,
      "player": 2,
      "score": 870.2880249023438,
      "version": "local@150"
    },
    {
      "lastTick": 9999,
      "player": 3,
      "score": 816.0,
      "version": "final_v7b@150"
    },
    {
      "lastTick": 357,
      "player": 4,
      "score": 695.4080200195313,
      "version": "final_v7b@150"
    }
  ]
}