{
  "crashes": null,
  "game": {
    "id": 1637327191,
    "level": 4,
    "maxTick": 1000,
    "seed": 926,
    "size": 21
  },
  "results": [
    {
      "lastTick": 9999,
      "player": 1,
      "score": 1440.0,
      "version": "local@150"
    },
    {
      "lastTick": 459,
      "player": 2,
      "score": 1366.095947265625,
      "version": "local@150"
    },
    {
      "lastTick": 440,
      "player": 3,
      "score": 1009.3599853515625,
      "version": "final_v7b@150"
    },
    {
      "lastTick": 459,
      "player": 4,
      "score": 1416.095947265625,
      "version": "final_v7b@150"
    }
  ]
}