{
  "crashes": null,
  "game": {
    "id": 1637333162,
    "level": 7,
    "maxTick": 800,
    "seed": 763,
    "size": 21
  },
  "results": [
    {
      "lastTick": 339,
      "player": 1,
      "score": 1523.02001953125,
      "version": "local@150"
    },
    {
      "lastTick": 275,
      "player": 2,
      "score": 1049.5,
      "version": "local@150"
    },
    {
      "lastTick": 339,
      "player": 3,
      "score": 1417.02001953125,
      "version": "final_v7b@150"
    },
    {
      "lastTick": 174,
      "player": 4,
      "score": 577.3200073242188,
      "version": "final_v7b@150"
    }
  ]
}