{
  "crashes": null,
  "game": {
    "id": 1637181574,
    "level": 2,
    "maxTick": 900,
    "seed": 673,
    "size": 9
  },
  "results": [
    {
      "lastTick": 812,
      "player": 1,
      "score": 1944.9200439453125,
      "version": "final_v2@600"
    },
    {
      "lastTick": 754,
      "player": 2,
      "score": 1995.6400146484375,
      "version": "final_v3@600"
    },
    {
      "lastTick": 754,
      "player": 3,
      "score": 1953.6400146484375,
      "version": "final_v4@600"
    },
    {
      "lastTick": 9999,
      "player": 4,
      "score": 2165.0,
      "version": "local@600"
    }
  ]
}