{
  "crashes": null,
  "game": {
    "id": 1637327073,
    "level": 8,
    "maxTick": 1200,
    "seed": 886,
    "size": 21
  },
  "results": [
    {
      "lastTick": 426,
      "player": 1,
      "score": 501.1199951171875,
      "version": "local@150"
    },
    {
      "lastTick": 752,
      "player": 2,
      "score": 1290.239990234375,
      "version": "local@150"
    },
    {
      "lastTick": 574,
      "player": 3,
      "score": 818.8800048828125,
      "version": "final_v7b@150"
    },
    {
      "lastTick": 752,
      "player": 4,
      "score": 1194.239990234375,
      "version": "final_v7b@150"
    }
  ]
}