{
  "crashes": null,
  "game": {
    "id": 1637326997,
    "level": 7,
    "maxTick": 800,
    "seed": 142,
    "size": 21
  },
  "results": [
    {
      "lastTick": 9999,
      "player": 1,
      "score": 2008.0,
      "version": "local@150"
    },
    {
      "lastTick": 453,
      "player": 2,
      "score": 2395.5400390625,
      "version": "local@150"
    },
    {
      "lastTick": 222,
      "player": 3,
      "score": 605.9600219726563,
      "version": "final_v7b@150"
    },
    {
      "lastTick": 342,
      "player": 4,
      "score": 1013.5599975585938,
      "version": "final_v7b@150"
    }
  ]
}