g_id,g_level,g_maxTick,g_seed,g_size,p1_id,p1_version,p1_lastTick,p1_score,p2_id,p2_version,p2_lastTick,p2_score,p3_id,p3_version,p3_lastTick,p3_score,p4_id,p4_version,p4_lastTick,p4_score
1637246042,3,1000,973,19,1,final_v3@600,1092,2392,2,final_v4@600,1092,2418,3,final_v5@600,1093,2362,4,local@600,1093,2684
1637246547,4,1000,429,21,1,final_v3@600,1111,2454,2,final_v4@600,1111,2460,3,final_v5@600,1112,2630,4,local@600,1112,2536
1637247092,8,1200,574,21,1,final_v3@600,1311,2662,2,final_v4@600,458,780.9600219726562,3,final_v5@600,1312,2674,4,local@600,1312,2618
1637247680,8,1200,79,21,1,final_v3@600,430,909.5999755859375,2,final_v4@600,430,909.5999755859375,3,final_v5@600,1312,2174,4,local@600,1312,2046
1637248239,6,900,737,21,1,final_v3@600,553,2159.47998046875,2,final_v4@600,457,1958.1199951171875,3,final_v5@600,194,780.0399780273438,4,local@600,9999,2343
1637248531,9,1000,326,21,1,final_v3@600,1111,2290,2,final_v4@600,1111,2344,3,final_v5@600,9999,2340,4,local@600,1111,2286
