{
  "crashes": null,
  "game": {
    "id": 1637331961,
    "level": 6,
    "maxTick": 900,
    "seed": 841,
    "size": 21
  },
  "results": [
    {
      "lastTick": 9999,
      "player": 1,
      "score": 1988.0,
      "version": "local@150"
    },
    {
      "lastTick": 642,
      "player": 2,
      "score": 1766.719970703125,
      "version": "local@150"
    },
    {
      "lastTick": 106,
      "player": 3,
      "score": 208.9600067138672,
      "version": "final_v7b@150"
    },
    {
      "lastTick": 642,
      "player": 4,
      "score": 1778.719970703125,
      "version": "final_v7b@150"
    }
  ]
}