g_id,g_level,g_maxTick,g_seed,g_size,p1_id,p1_version,p1_lastTick,p1_score,p2_id,p2_version,p2_lastTick,p2_score,p3_id,p3_version,p3_lastTick,p3_score,p4_id,p4_version,p4_lastTick,p4_score
1637333064,8,1200,973,21,1,local@150,331,375.7200012207031,2,local@150,9999,1194,3,final_v7b@150,675,1055,4,final_v7b@150,675,1133
1637333174,6,900,429,21,1,local@150,203,640.47998046875,2,local@150,9999,726,3,final_v7b@150,203,822.47998046875,4,final_v7b@150,172,679.52001953125
1637333210,9,1000,574,21,1,local@150,315,637.3599853515625,2,local@150,315,649.3599853515625,3,final_v7b@150,586,1068.384033203125,4,final_v7b@150,586,1024.384033203125
