{
  "crashes": null,
  "game": {
    "id": 1637327175,
    "level": 8,
    "maxTick": 1200,
    "seed": 68,
    "size": 21
  },
  "results": [
    {
      "lastTick": 9999,
      "player": 1,
      "score": 888.0,
      "version": "local@150"
    },
    {
      "lastTick": 563,
      "player": 2,
      "score": 955.5599975585938,
      "version": "local@150"
    },
    {
      "lastTick": 563,
      "player": 3,
      "score": 1019.5599975585938,
      "version": "final_v7b@150"
    },
    {
      "lastTick": 563,
      "player": 4,
      "score": 935.5599975585938,
      "version": "final_v7b@150"
    }
  ]
}