{
  "crashes": null,
  "game": {
    "id": 1637327015,
    "level": 3,
    "maxTick": 1000,
    "seed": 529,
    "size": 19
  },
  "results": [
    {
      "lastTick": 308,
      "player": 1,
      "score": 1252.35205078125,
      "version": "local@150"
    },
    {
      "lastTick": 308,
      "player": 2,
      "score": 1292.35205078125,
      "version": "local@150"
    },
    {
      "lastTick": 308,
      "player": 3,
      "score": 1024.35205078125,
      "version": "final_v7b@150"
    },
    {
      "lastTick": 308,
      "player": 4,
      "score": 1036.35205078125,
      "version": "final_v7b@150"
    }
  ]
}