g_id,g_level,g_maxTick,g_seed,g_size,p1_id,p1_version,p1_lastTick,p1_score,p2_id,p2_version,p2_lastTick,p2_score,p3_id,p3_version,p3_lastTick,p3_score,p4_id,p4_version,p4_lastTick,p4_score
1637129994,5,850,70,17,1,final_v2@600,924,2831,2,final_v3@600,924,2753,3,final_v4@600,924,2801,4,local@600,924,2763
1637130423,6,900,278,21,1,final_v2@600,1010,2765,2,final_v3@600,1012,2889,3,final_v4@600,1012,2731,4,local@600,1012,2995
1637130940,7,800,721,21,1,final_v2@600,302,825.3599853515625,2,final_v3@600,910,2951,3,final_v4@600,9999,3011,4,local@600,336,1671.47998046875
1637131420,7,800,208,21,1,final_v2@600,912,2601,2,final_v3@600,911,2517,3,final_v4@600,912,2803,4,local@600,912,2831
1637131877,9,1000,231,21,1,final_v2@600,409,713.89599609375,2,final_v3@600,1112,2685,3,final_v4@600,1112,2787,4,local@600,1112,2777
