{
  "crashes": null,
  "game": {
    "id": 1637090812,
    "level": 3,
    "maxTick": 1000,
    "seed": 422,
    "size": 19
  },
  "results": [
    {
      "lastTick": 597,
      "player": 1,
      "score": 1669.968017578125,
      "version": "final_v3@600"
    },
    {
      "lastTick": 597,
      "player": 2,
      "score": 1669.968017578125,
      "version": "final_v3@600"
    },
    {
      "lastTick": 597,
      "player": 3,
      "score": 1669.968017578125,
      "version": "final_v3@600"
    },
    {
      "lastTick": 9999,
      "player": 4,
      "score": 2568.0,
      "version": "local@600"
    }
  ]
}