g_id,g_level,g_maxTick,g_seed,g_size,p1_id,p1_version,p1_lastTick,p1_score,p2_id,p2_version,p2_lastTick,p2_score,p3_id,p3_version,p3_lastTick,p3_score,p4_id,p4_version,p4_lastTick,p4_score
1637020456,9,1000,36,21,1,final_v2b@600,1112,2495,2,final_v2@600,1112,2669,3,final_v1@600,1111,2553,4,local@600,1112,2591
1637021005,4,1000,529,21,1,final_v2b@600,798,2155.912109375,2,final_v2@600,1112,2725,3,final_v1@600,1112,2949,4,local@600,1111,2653
1637021566,9,1000,429,21,1,final_v2b@600,888,1974.8719482421875,2,final_v2@600,1112,2213,3,final_v1@600,1112,2289,4,local@600,1112,2311
1637022082,3,1000,422,19,1,final_v2b@600,592,1819.248046875,2,final_v2@600,592,1803.248046875,3,final_v1@600,592,1899.248046875,4,local@600,9999,2330
1637022424,6,900,835,21,1,final_v2b@600,1010,2076,2,final_v2@600,1011,2456,3,final_v1@600,1012,2314,4,local@600,1012,2370
