{
  "crashes": null,
  "game": {
    "id": 1637333158,
    "level": 6,
    "maxTick": 900,
    "seed": 168,
    "size": 21
  },
  "results": [
    {
      "lastTick": 9999,
      "player": 1,
      "score": 1196.0,
      "version": "local@150"
    },
    {
      "lastTick": 217,
      "player": 2,
      "score": 794.719970703125,
      "version": "local@150"
    },
    {
      "lastTick": 217,
      "player": 3,
      "score": 1040.719970703125,
      "version": "final_v7b@150"
    },
    {
      "lastTick": 203,
      "player": 4,
      "score": 638.47998046875,
      "version": "final_v7b@150"
    }
  ]
}