g_id,g_level,g_maxTick,g_seed,g_size,p1_id,p1_version,p1_lastTick,p1_score,p2_id,p2_version,p2_lastTick,p2_score,p3_id,p3_version,p3_lastTick,p3_score,p4_id,p4_version,p4_lastTick,p4_score
1637181529,2,900,531,9,1,final_v2@600,235,706.5999755859375,2,final_v3@600,314,1007.239990234375,3,final_v4@600,314,959.239990234375,4,local@600,9999,1377
1637181686,4,1000,426,21,1,final_v2@600,1111,2466,2,final_v3@600,862,2120.1279296875,3,final_v4@600,9999,2102,4,local@600,1111,2340
1637182236,5,850,641,17,1,final_v2@600,922,2001,2,final_v3@600,922,2139,3,final_v4@600,820,2061.917724609375,4,local@600,9999,2225
1637182646,5,850,773,17,1,final_v2@600,923,1860,2,final_v3@600,924,1868,3,final_v4@600,924,1796,4,local@600,924,1976
1637183058,9,1000,933,21,1,final_v2@600,652,1329.887939453125,2,final_v3@600,1112,1926,3,final_v4@600,1112,2046,4,local@600,1112,2100
1637183566,5,850,673,17,1,final_v2@600,730,1480.670654296875,2,final_v3@600,537,1225.97412109375,3,final_v4@600,406,875.7811889648438,4,local@600,9999,1781
