{
  "crashes": null,
  "game": {
    "id": 1637476015,
    "level": 3,
    "maxTick": 1000,
    "seed": 517,
    "size": 19
  },
  "results": [
    {
      "lastTick": 405,
      "player": 1,
      "score": 1118.3199462890625,
      "version": "local@200"
    },
    {
      "lastTick": 405,
      "player": 2,
      "score": 1138.3199462890625,
      "version": "local@200"
    },
    {
      "lastTick": 405,
      "player": 3,
      "score": 1154.3199462890625,
      "version": "final_v8@200"
    },
    {
      "lastTick": 405,
      "player": 4,
      "score": 1178.3199462890625,
      "version": "final_v8@200"
    }
  ]
}