g_id,g_level,g_maxTick,g_seed,g_size,p1_id,p1_version,p1_lastTick,p1_score,p2_id,p2_version,p2_lastTick,p2_score,p3_id,p3_version,p3_lastTick,p3_score,p4_id,p4_version,p4_lastTick,p4_score
1637129977,7,800,829,21,1,final_v2@600,910,2023,2,final_v3@600,912,2291,3,final_v4@600,912,2543,4,local@600,912,2339
1637130467,7,800,919,21,1,final_v2@600,912,2093,2,final_v3@600,912,3167,3,final_v4@600,912,2495,4,local@600,307,1444.260009765625
1637130932,5,850,457,17,1,final_v2@600,924,2700,2,final_v3@600,924,2716,3,final_v4@600,924,2728,4,local@600,924,2692
1637131369,9,1000,105,21,1,final_v2@600,278,640.031982421875,2,final_v3@600,278,730.031982421875,3,final_v4@600,1112,2250,4,local@600,1112,1968
1637131859,4,1000,700,21,1,final_v2@600,1110,2421,2,final_v3@600,1112,2643,3,final_v4@600,1112,2675,4,local@600,1111,2433
1637132382,6,900,841,21,1,final_v2@600,1010,2162,2,final_v3@600,1012,2528,3,final_v4@600,1012,2176,4,local@600,1012,2394
