g_id,g_level,g_maxTick,g_seed,g_size,p1_id,p1_version,p1_lastTick,p1_score,p2_id,p2_version,p2_lastTick,p2_score,p3_id,p3_version,p3_lastTick,p3_score,p4_id,p4_version,p4_lastTick,p4_score
1637020506,4,1000,326,21,1,final_v2b@600,1112,2520,2,final_v2@600,1111,2238,3,final_v1@600,1112,2736,4,local@600,1112,2106
1637021035,10,800,427,15,1,final_v2b@600,859,2812,2,final_v2@600,859,2792,3,final_v1@600,859,2884,4,local@600,859,2804
1637021446,5,850,116,17,1,final_v2b@600,363,749.4964599609375,2,final_v2@600,924,1562,3,final_v1@600,924,1434,4,local@600,924,1596
1637021861,10,800,142,15,1,final_v2b@600,560,1373.800048828125,2,final_v2@600,856,1843,3,final_v1@600,856,2067,4,local@600,9999,1889
1637022283,8,1200,886,21,1,final_v2b@600,1312,2011,2,final_v2@600,1311,1835,3,final_v1@600,1312,1731,4,local@600,1312,2327
