{
  "crashes": null,
  "game": {
    "id": 1637332068,
    "level": 1,
    "maxTick": 600,
    "seed": 768,
    "size": 11
  },
  "results": [
    {
      "lastTick": 9999,
      "player": 1,
      "score": 1302.0,
      "version": "local@150"
    },
    {
      "lastTick": 556,
      "player": 2,
      "score": 1195.43994140625,
      "version": "local@150"
    },
    {
      "lastTick": 528,
      "player": 3,
      "score": 1228.719970703125,
      "version": "final_v7b@150"
    },
    {
      "lastTick": 528,
      "player": 4,
      "score": 1272.719970703125,
      "version": "final_v7b@150"
    }
  ]
}