{
  "crashes": null,
  "game": {
    "id": 1637329245,
    "level": 10,
    "maxTick": 800,
    "seed": 835,
    "size": 15
  },
  "results": [
    {
      "lastTick": 254,
      "player": 1,
      "score": 809.719970703125,
      "version": "local@150"
    },
    {
      "lastTick": 210,
      "player": 2,
      "score": 731.7999877929688,
      "version": "local@150"
    },
    {
      "lastTick": 9999,
      "player": 3,
      "score": 780.0,
      "version": "final_v7b@150"
    },
    {
      "lastTick": 210,
      "player": 4,
      "score": 411.79998779296875,
      "version": "final_v7b@150"
    }
  ]
}