{
  "crashes": null,
  "game": {
    "id": 1637330564,
    "level": 9,
    "maxTick": 1000,
    "seed": 418,
    "size": 21
  },
  "results": [
    {
      "lastTick": 611,
      "player": 1,
      "score": 1217.9840087890625,
      "version": "local@150"
    },
    {
      "lastTick": 486,
      "player": 2,
      "score": 815.9840087890625,
      "version": "local@150"
    },
    {
      "lastTick": 377,
      "player": 3,
      "score": 782.2880249023438,
      "version": "final_v7b@150"
    },
    {
      "lastTick": 611,
      "player": 4,
      "score": 1195.9840087890625,
      "version": "final_v7b@150"
    }
  ]
}