{
  "crashes": null,
  "game": {
    "id": 1637334126,
    "level": 7,
    "maxTick": 800,
    "seed": 142,
    "size": 21
  },
  "results": [
    {
      "lastTick": 9999,
      "player": 1,
      "score": 1940.0,
      "version": "local@150"
    },
    {
      "lastTick": 373,
      "player": 2,
      "score": 1591.1400146484375,
      "version": "local@150"
    },
    {
      "lastTick": 280,
      "player": 3,
      "score": 928.4000244140625,
      "version": "final_v7b@150"
    },
    {
      "lastTick": 280,
      "player": 4,
      "score": 916.4000244140625,
      "version": "final_v7b@150"
    }
  ]
}