g_id,g_level,g_maxTick,g_seed,g_size,p1_id,p1_version,p1_lastTick,p1_score,p2_id,p2_version,p2_lastTick,p2_score,p3_id,p3_version,p3_lastTick,p3_score,p4_id,p4_version,p4_lastTick,p4_score
1637331935,3,1000,517,19,1,local@150,562,1412.927978515625,2,local@150,9999,1528,3,final_v7b@150,309,806.4959716796875,4,final_v7b@150,562,1254.927978515625
1637332029,6,900,168,21,1,local@150,260,1205.5999755859375,2,local@150,260,1103.5999755859375,3,final_v7b@150,191,570.5599975585938,4,final_v7b@150,253,686.47998046875
1637332075,9,1000,583,21,1,local@150,386,929.583984375,2,local@150,9999,998,3,final_v7b@150,336,610.3839721679688,4,final_v7b@150,336,558.3839721679688
