{
  "crashes": null,
  "game": {
    "id": 1637329211,
    "level": 7,
    "maxTick": 800,
    "seed": 763,
    "size": 21
  },
  "results": [
    {
      "lastTick": 9999,
      "player": 1,
      "score": 2616.0,
      "version": "local@150"
    },
    {
      "lastTick": 478,
      "player": 2,
      "score": 2402.0400390625,
      "version": "local@150"
    },
    {
      "lastTick": 352,
      "player": 3,
      "score": 777.3599853515625,
      "version": "final_v7b@150"
    },
    {
      "lastTick": 227,
      "player": 4,
      "score": 658.8599853515625,
      "version": "final_v7b@150"
    }
  ]
}