g_id,g_level,g_maxTick,g_seed,g_size,p1_id,p1_version,p1_lastTick,p1_score,p2_id,p2_version,p2_lastTick,p2_score,p3_id,p3_version,p3_lastTick,p3_score,p4_id,p4_version,p4_lastTick,p4_score
1637330527,1,600,981,11,1,local@150,212,404.8800048828125,2,local@150,183,269.9200134277344,3,final_v7b@150,9999,676,4,final_v7b@150,212,446.8800048828125
1637330564,7,800,763,21,1,local@150,9999,1921,2,local@150,434,1467.1199951171875,3,final_v7b@150,320,1126.5999755859375,4,final_v7b@150,320,1114.5999755859375
1637330637,5,850,384,17,1,local@150,9999,756,2,local@150,167,484.2917785644531,3,final_v7b@150,228,392.6258850097656,4,final_v7b@150,167,394.2917785644531
