g_id,g_level,g_maxTick,g_seed,g_size,p1_id,p1_version,p1_lastTick,p1_score,p2_id,p2_version,p2_lastTick,p2_score,p3_id,p3_version,p3_lastTick,p3_score,p4_id,p4_version,p4_lastTick,p4_score
1637153197,9,1000,840,21,1,final_v2@600,1112,2311,2,final_v3@600,1112,2377,3,final_v4@600,1112,2557,4,local@600,519,1293.7359619140625
1637153700,4,1000,311,21,1,final_v2@600,1112,2190,2,final_v3@600,1112,2392,3,final_v4@600,1112,2270,4,local@600,1112,2592
1637154231,2,900,647,9,1,final_v2@600,922,2075,2,final_v3@600,922,1819,3,final_v4@600,922,1863,4,local@600,922,2075
1637154635,8,1200,172,21,1,final_v2@600,224,338.8800048828125,2,final_v3@600,258,390.9599914550781,3,final_v4@600,9999,1038,4,local@600,258,528.9600219726562
1637154764,5,850,539,17,1,final_v2@600,924,2583,2,final_v3@600,924,2505,3,final_v4@600,924,2505,4,local@600,924,2623
1637155197,4,1000,839,21,1,final_v2@600,1110,2203,2,final_v3@600,1112,2331,3,final_v4@600,1112,2251,4,local@600,1112,2323
