g_id,g_level,g_maxTick,g_seed,g_size,p1_id,p1_version,p1_lastTick,p1_score,p2_id,p2_version,p2_lastTick,p2_score,p3_id,p3_version,p3_lastTick,p3_score,p4_id,p4_version,p4_lastTick,p4_score
1637255153,7,800,517,21,1,final_v4@600,912,1860,2,final_v5@600,912,2740,3,final_v6@600,910,2770,4,local@600,912,2322
1637255613,10,800,168,15,1,final_v4@600,9999,2166,2,final_v5@600,857,2206,3,final_v6@600,857,2290,4,local@600,857,2242
1637256022,10,800,583,15,1,final_v4@600,661,1488.97998046875,2,final_v5@600,859,2090,3,final_v6@600,859,1782,4,local@600,859,1746
1637256414,3,1000,89,19,1,final_v4@600,1093,2672,2,final_v5@600,1093,2688,3,final_v6@600,1093,2852,4,local@600,1093,3068
1637256925,6,900,567,21,1,final_v4@600,452,1322.3199462890625,2,final_v5@600,1012,2464,3,final_v6@600,1012,2698,4,local@600,1011,2508
1637257415,9,1000,926,21,1,final_v4@600,1111,1956,2,final_v5@600,9999,1844,3,final_v6@600,1111,2180,4,local@600,1111,2192
