{
  "crashes": null,
  "game": {
    "id": 1637329408,
    "level": 7,
    "maxTick": 800,
    "seed": 281,
    "size": 21
  },
  "results": [
    {
      "lastTick": 9999,
      "player": 1,
      "score": 3041.0,
      "version": "local@150"
    },
    {
      "lastTick": 595,
      "player": 2,
      "score": 2124.10009765625,
      "version": "local@150"
    },
    {
      "lastTick": 255,
      "player": 3,
      "score": 1048.9000244140625,
      "version": "final_v7b@150"
    },
    {
      "lastTick": 287,
      "player": 4,
      "score": 656.6599731445313,
      "version": "final_v7b@150"
    }
  ]
}