{
  "crashes": null,
  "game": {
    "id": 1637333216,
    "level": 3,
    "maxTick": 1000,
    "seed": 529,
    "size": 19
  },
  "results": [
    {
      "lastTick": 9999,
      "player": 1,
      "score": 1560.0,
      "version": "local@150"
    },
    {
      "lastTick": 582,
      "player": 2,
      "score": 1221.8079833984375,
      "version": "local@150"
    },
    {
      "lastTick": 546,
      "player": 3,
      "score": 1324.6240234375,
      "version": "final_v7b@150"
    },
    {
      "lastTick": 546,
      "player": 4,
      "score": 1270.6240234375,
      "version": "final_v7b@150"
    }
  ]
}