{
  "crashes": null,
  "game": {
    "id": 1637330740,
    "level": 9,
    "maxTick": 1000,
    "seed": 583,
    "size": 21
  },
  "results": [
    {
      "lastTick": 9999,
      "player": 1,
      "score": 1176.0,
      "version": "local@150"
    },
    {
      "lastTick": 268,
      "player": 2,
      "score": 590.5919799804688,
      "version": "local@150"
    },
    {
      "lastTick": 601,
      "player": 3,
      "score": 914.5440063476563,
      "version": "final_v7b@150"
    },
    {
      "lastTick": 601,
      "player": 4,
      "score": 914.5440063476563,
      "version": "final_v7b@150"
    }
  ]
}