{
  "crashes": null,
  "game": {
    "id": 1637329199,
    "level": 3,
    "maxTick": 1000,
    "seed": 517,
    "size": 19
  },
  "results": [
    {
      "lastTick": 835,
      "player": 1,
      "score": 1946.239990234375,
      "version": "local@150"
    },
    {
      "lastTick": 425,
      "player": 2,
      "score": 1133.199951171875,
      "version": "local@150"
    },
    {
      "lastTick": 295,
      "player": 3,
      "score": 862.47998046875,
      "version": "final_v7b@150"
    },
    {
      "lastTick": 9999,
      "player": 4,
      "score": 1814.0,
      "version": "final_v7b@150"
    }
  ]
}