g_id,g_level,g_maxTick,g_seed,g_size,p1_id,p1_version,p1_lastTick,p1_score,p2_id,p2_version,p2_lastTick,p2_score,p3_id,p3_version,p3_lastTick,p3_score,p4_id,p4_version,p4_lastTick,p4_score
1637134317,7,800,517,21,1,final_v2@600,911,1991,2,final_v3@600,911,2843,3,final_v4@600,912,2577,4,local@600,912,2365
1637134789,10,800,168,15,1,final_v2@600,858,2122,2,final_v3@600,858,2084,3,final_v4@600,858,2192,4,local@600,9999,2134
1637135181,10,800,583,15,1,final_v2@600,857,1974,2,final_v3@600,859,2018,3,final_v4@600,859,2078,4,local@600,859,2222
1637135579,3,1000,89,19,1,final_v2@600,1093,2592,2,final_v3@600,1093,2624,3,final_v4@600,1093,2472,4,local@600,1093,2572
1637136092,6,900,567,21,1,final_v2@600,596,2145.360107421875,2,final_v3@600,1011,2448,3,final_v4@600,135,351.6000061035156,4,local@600,1011,3000
1637136586,9,1000,926,21,1,final_v2@600,1111,2088,2,final_v3@600,1112,1886,3,final_v4@600,1112,1928,4,local@600,1112,1994
