{
  "crashes": null,
  "game": {
    "id": 1637334349,
    "level": 3,
    "maxTick": 1000,
    "seed": 529,
    "size": 19
  },
  "results": [
    {
      "lastTick": 640,
      "player": 1,
      "score": 1248.1600341796875,
      "version": "local@150"
    },
    {
      "lastTick": 640,
      "player": 2,
      "score": 1424.1600341796875,
      "version": "local@150"
    },
    {
      "lastTick": 9999,
      "player": 3,
      "score": 1416.0,
      "version": "final_v7b@150"
    },
    {
      "lastTick": 640,
      "player": 4,
      "score": 1340.1600341796875,
      "version": "final_v7b@150"
    }
  ]
}