{
  "crashes": null,
  "game": {
    "id": 1637329319,
    "level": 8,
    "maxTick": 1200,
    "seed": 68,
    "size": 21
  },
  "results": [
    {
      "lastTick": 502,
      "player": 1,
      "score": 804.239990234375,
      "version": "local@150"
    },
    {
      "lastTick": 502,
      "player": 2,
      "score": 830.239990234375,
      "version": "local@150"
    },
    {
      "lastTick": 502,
      "player": 3,
      "score": 828.239990234375,
      "version": "final_v7b@150"
    },
    {
      "lastTick": 502,
      "player": 4,
      "score": 858.239990234375,
      "version": "final_v7b@150"
    }
  ]
}