{
  "crashes": null,
  "game": {
    "id": 1637330689,
    "level": 5,
    "maxTick": 850,
    "seed": 464,
    "size": 17
  },
  "results": [
    {
      "lastTick": 502,
      "player": 1,
      "score": 691.044677734375,
      "version": "local@150"
    },
    {
      "lastTick": 9999,
      "player": 2,
      "score": 1250.0,
      "version": "local@150"
    },
    {
      "lastTick": 540,
      "player": 3,
      "score": 1009.4823608398438,
      "version": "final_v7b@150"
    },
    {
      "lastTick": 540,
      "player": 4,
      "score": 961.4823608398438,
      "version": "final_v7b@150"
    }
  ]
}