g_id,g_level,g_maxTick,g_seed,g_size,p1_id,p1_version,p1_lastTick,p1_score,p2_id,p2_version,p2_lastTick,p2_score,p3_id,p3_version,p3_lastTick,p3_score,p4_id,p4_version,p4_lastTick,p4_score
1637475874,8,1200,973,21,1,local@200,732,855.8400268554688,2,local@200,669,898.280029296875,3,final_v8@200,732,1047.8399658203125,4,final_v8@200,669,654.280029296875
1637476032,6,900,429,21,1,local@200,9999,2078,2,local@200,765,1000.4000244140625,3,final_v8@200,825,2116,4,final_v8@200,765,1398.4000244140625
1637476210,9,1000,574,21,1,local@200,431,718.0640258789062,2,local@200,431,682.0640258789062,3,final_v8@200,438,879.072021484375,4,final_v8@200,438,779.072021484375
