{
  "crashes": null,
  "game": {
    "id": 1637329330,
    "level": 5,
    "maxTick": 850,
    "seed": 464,
    "size": 17
  },
  "results": [
    {
      "lastTick": 373,
      "player": 1,
      "score": 771.1906127929688,
      "version": "local@150"
    },
    {
      "lastTick": 373,
      "player": 2,
      "score": 801.1906127929688,
      "version": "local@150"
    },
    {
      "lastTick": 296,
      "player": 3,
      "score": 620.1458740234375,
      "version": "final_v7b@150"
    },
    {
      "lastTick": 296,
      "player": 4,
      "score": 686.1458740234375,
      "version": "final_v7b@150"
    }
  ]
}