{
  "crashes": null,
  "game": {
    "id": 1637178295,
    "level": 9,
    "maxTick": 1000,
    "seed": 933,
    "size": 21
  },
  "results": [
    {
      "lastTick": 629,
      "player": 1,
      "score": 1152.5760498046875,
      "version": "final_v2@600"
    },
    {
      "lastTick": 493,
      "player": 2,
      "score": 958.9920043945313,
      "version": "final_v3@600"
    },
    {
      "lastTick": 691,
      "player": 3,
      "score": 1487.5040283203125,
      "version": "final_v4@600"
    },
    {
      "lastTick": 9999,
      "player": 4,
      "score": 1810.0,
      "version": "local@600"
    }
  ]
}