{
  "crashes": null,
  "game": {
    "id": 1637247895,
    "level": 4,
    "maxTick": 1000,
    "seed": 700,
    "size": 21
  },
  "results": [
    {
      "lastTick": 186,
      "player": 1,
      "score": 728.7839965820313,
      "version": "final_v3@600"
    },
    {
      "lastTick": 239,
      "player": 2,
      "score": 1152.416015625,
      "version": "final_v4@600"
    },
    {
      "lastTick": 217,
      "player": 3,
      "score": 995.2479858398438,
      "version": "final_v5@600"
    },
    {
      "lastTick": 9999,
      "player": 4,
      "score": 1444.0,
      "version": "local@600"
    }
  ]
}