g_id,g_level,g_maxTick,g_seed,g_size,p1_id,p1_version,p1_lastTick,p1_score,p2_id,p2_version,p2_lastTick,p2_score,p3_id,p3_version,p3_lastTick,p3_score,p4_id,p4_version,p4_lastTick,p4_score
1637250800,9,1000,840,21,1,final_v4@600,465,1100.9599609375,2,final_v5@600,9999,1938,3,final_v6@600,1111,2110,4,local@600,1111,2130
1637251314,4,1000,311,21,1,final_v4@600,1111,2376,2,final_v5@600,1112,2426,3,final_v6@600,1112,2346,4,local@600,1112,2224
1637251853,2,900,647,9,1,final_v4@600,341,989.5599975585938,2,final_v5@600,363,991.0800170898438,3,final_v6@600,922,2223,4,local@600,922,2257
1637252261,8,1200,172,21,1,final_v4@600,1312,1772,2,final_v5@600,1312,2076,3,final_v6@600,1312,1984,4,local@600,1312,1840
1637252836,5,850,539,17,1,final_v4@600,923,2004,2,final_v5@600,924,2074,3,final_v6@600,924,2236,4,local@600,924,2230
1637253256,4,1000,839,21,1,final_v4@600,820,1770.0799560546875,2,final_v5@600,1112,2106,3,final_v6@600,1112,2104,4,local@600,1111,2310
