{
  "crashes": null,
  "game": {
    "id": 1637329436,
    "level": 6,
    "maxTick": 900,
    "seed": 429,
    "size": 21
  },
  "results": [
    {
      "lastTick": 9999,
      "player": 1,
      "score": 1876.0,
      "version": "local@150"
    },
    {
      "lastTick": 252,
      "player": 2,
      "score": 686.3200073242188,
      "version": "local@150"
    },
    {
      "lastTick": 252,
      "player": 3,
      "score": 1004.3200073242188,
      "version": "final_v7b@150"
    },
    {
      "lastTick": 505,
      "player": 4,
      "score": 1662.800048828125,
      "version": "final_v7b@150"
    }
  ]
}