{
  "crashes": null,
  "game": {
    "id": 1637331964,
    "level": 5,
    "maxTick": 850,
    "seed": 326,
    "size": 17
  },
  "results": [
    {
      "lastTick": 745,
      "player": 1,
      "score": 1222.2117919921875,
      "version": "local@150"
    },
    {
      "lastTick": 9999,
      "player": 2,
      "score": 1420.0,
      "version": "local@150"
    },
    {
      "lastTick": 775,
      "player": 3,
      "score": 1463.2940673828125,
      "version": "final_v7b@150"
    },
    {
      "lastTick": 761,
      "player": 4,
      "score": 1464.92236328125,
      "version": "final_v7b@150"
    }
  ]
}