{
  "crashes": null,
  "game": {
    "id": 1637326973,
    "level": 8,
    "maxTick": 1200,
    "seed": 973,
    "size": 21
  },
  "results": [
    {
      "lastTick": 305,
      "player": 1,
      "score": 588.5999755859375,
      "version": "local@150"
    },
    {
      "lastTick": 305,
      "player": 2,
      "score": 564.5999755859375,
      "version": "local@150"
    },
    {
      "lastTick": 305,
      "player": 3,
      "score": 636.5999755859375,
      "version": "final_v7b@150"
    },
    {
      "lastTick": 305,
      "player": 4,
      "score": 636.5999755859375,
      "version": "final_v7b@150"
    }
  ]
}