g_id,g_level,g_maxTick,g_seed,g_size,p1_id,p1_version,p1_lastTick,p1_score,p2_id,p2_version,p2_lastTick,p2_score,p3_id,p3_version,p3_lastTick,p3_score,p4_id,p4_version,p4_lastTick,p4_score
1637333041,7,800,838,21,1,local@150,9999,3011,2,local@150,559,1747.6199951171875,3,final_v7b@150,323,755.1400146484375,4,final_v7b@150,641,2200.3798828125
1637333148,7,800,793,21,1,local@150,315,1316.699951171875,2,local@150,9999,1428,3,final_v7b@150,180,556.4000244140625,4,final_v7b@150,180,388.3999938964844
1637333201,5,850,735,17,1,local@150,677,1144.6917724609375,2,local@150,698,1308.2493896484375,3,final_v7b@150,750,1451.058837890625,4,final_v7b@150,750,1399.058837890625
