{
  "crashes": null,
  "game": {
    "id": 1637098011,
    "level": 9,
    "maxTick": 1000,
    "seed": 856,
    "size": 21
  },
  "results": [
    {
      "lastTick": 461,
      "player": 1,
      "score": 1049.384033203125,
      "version": "final_v3@600"
    },
    {
      "lastTick": 461,
      "player": 2,
      "score": 1137.384033203125,
      "version": "final_v3@600"
    },
    {
      "lastTick": 461,
      "player": 3,
      "score": 1109.384033203125,
      "version": "final_v3@600"
    },
    {
      "lastTick": 9999,
      "player": 4,
      "score": 1907.0,
      "version": "local@600"
    }
  ]
}