{
  "crashes": null,
  "game": {
    "id": 1637327017,
    "level": 6,
    "maxTick": 900,
    "seed": 429,
    "size": 21
  },
  "results": [
    {
      "lastTick": 9999,
      "player": 1,
      "score": 2008.0,
      "version": "local@150"
    },
    {
      "lastTick": 184,
      "player": 2,
      "score": 881.4400024414063,
      "version": "local@150"
    },
    {
      "lastTick": 338,
      "player": 3,
      "score": 1194.0799560546875,
      "version": "final_v7b@150"
    },
    {
      "lastTick": 338,
      "player": 4,
      "score": 1218.0799560546875,
      "version": "final_v7b@150"
    }
  ]
}