g_id,g_level,g_maxTick,g_seed,g_size,p1_id,p1_version,p1_lastTick,p1_score,p2_id,p2_version,p2_lastTick,p2_score,p3_id,p3_version,p3_lastTick,p3_score,p4_id,p4_version,p4_lastTick,p4_score
1637329182,7,800,422,21,1,local@150,376,1630.6800537109375,2,local@150,376,1646.6800537109375,3,final_v7b@150,212,825.1599731445312,4,final_v7b@150,212,789.1599731445312
1637329245,10,800,835,15,1,local@150,254,809.719970703125,2,local@150,210,731.7999877929688,3,final_v7b@150,9999,780,4,final_v7b@150,210,411.79998779296875
1637329286,10,800,658,15,1,local@150,295,828.0999755859375,2,local@150,295,870.0999755859375,3,final_v7b@150,647,1511.4599609375,4,final_v7b@150,647,1341.4599609375
