{
  "crashes": null,
  "game": {
    "id": 1637329337,
    "level": 9,
    "maxTick": 1000,
    "seed": 574,
    "size": 21
  },
  "results": [
    {
      "lastTick": 400,
      "player": 1,
      "score": 793.5999755859375,
      "version": "local@150"
    },
    {
      "lastTick": 400,
      "player": 2,
      "score": 877.5999755859375,
      "version": "local@150"
    },
    {
      "lastTick": 375,
      "player": 3,
      "score": 642.0,
      "version": "final_v7b@150"
    },
    {
      "lastTick": 400,
      "player": 4,
      "score": 865.5999755859375,
      "version": "final_v7b@150"
    }
  ]
}