{
  "crashes": null,
  "game": {
    "id": 1637329357,
    "level": 9,
    "maxTick": 1000,
    "seed": 567,
    "size": 21
  },
  "results": [
    {
      "lastTick": 456,
      "player": 1,
      "score": 905.6640014648438,
      "version": "local@150"
    },
    {
      "lastTick": 360,
      "player": 2,
      "score": 581.8400268554688,
      "version": "local@150"
    },
    {
      "lastTick": 398,
      "player": 3,
      "score": 825.31201171875,
      "version": "final_v7b@150"
    },
    {
      "lastTick": 9999,
      "player": 4,
      "score": 930.0,
      "version": "final_v7b@150"
    }
  ]
}