{
  "crashes": null,
  "game": {
    "id": 1637246056,
    "level": 1,
    "maxTick": 600,
    "seed": 810,
    "size": 11
  },
  "results": [
    {
      "lastTick": 289,
      "player": 1,
      "score": 777.3599853515625,
      "version": "final_v3@600"
    },
    {
      "lastTick": 493,
      "player": 2,
      "score": 1250.3199462890625,
      "version": "final_v4@600"
    },
    {
      "lastTick": 429,
      "player": 3,
      "score": 1262.9599609375,
      "version": "final_v5@600"
    },
    {
      "lastTick": 9999,
      "player": 4,
      "score": 1528.0,
      "version": "local@600"
    }
  ]
}