{
  "crashes": null,
  "game": {
    "id": 1637330527,
    "level": 1,
    "maxTick": 600,
    "seed": 981,
    "size": 11
  },
  "results": [
    {
      "lastTick": 212,
      "player": 1,
      "score": 404.8800048828125,
      "version": "local@150"
    },
    {
      "lastTick": 183,
      "player": 2,
      "score": 269.9200134277344,
      "version": "local@150"
    },
    {
      "lastTick": 9999,
      "player": 3,
      "score": 676.0,
      "version": "final_v7b@150"
    },
    {
      "lastTick": 212,
      "player": 4,
      "score": 446.8800048828125,
      "version": "final_v7b@150"
    }
  ]
}