g_id,g_level,g_maxTick,g_seed,g_size,p1_id,p1_version,p1_lastTick,p1_score,p2_id,p2_version,p2_lastTick,p2_score,p3_id,p3_version,p3_lastTick,p3_score,p4_id,p4_version,p4_lastTick,p4_score
1637089235,2,900,531,9,1,final_v3@600,922,3252,2,final_v3@600,922,3252,3,final_v3@600,922,3306,4,local@600,922,3222
1637089646,4,1000,426,21,1,final_v3@600,1112,2944,2,final_v3@600,1112,2896,3,final_v3@600,1112,2884,4,local@600,1112,3276
1637090206,5,850,641,17,1,final_v3@600,924,2394,2,final_v3@600,924,2334,3,final_v3@600,924,2370,4,local@600,924,2310
1637090624,5,850,773,17,1,final_v3@600,924,2682,2,final_v3@600,924,2718,3,final_v3@600,924,2754,4,local@600,924,2694
1637091047,9,1000,933,21,1,final_v3@600,1112,2262,2,final_v3@600,351,828.5440063476562,3,final_v3@600,351,876.5440063476562,4,local@600,1112,2206
1637091520,5,850,673,17,1,final_v3@600,924,2214,2,final_v3@600,924,2346,3,final_v3@600,924,2382,4,local@600,924,2394
