{
  "crashes": null,
  "game": {
    "id": 1637333148,
    "level": 7,
    "maxTick": 800,
    "seed": 793,
    "size": 21
  },
  "results": [
    {
      "lastTick": 315,
      "player": 1,
      "score": 1316.699951171875,
      "version": "local@150"
    },
    {
      "lastTick": 9999,
      "player": 2,
      "score": 1428.0,
      "version": "local@150"
    },
    {
      "lastTick": 180,
      "player": 3,
      "score": 556.4000244140625,
      "version": "final_v7b@150"
    },
    {
      "lastTick": 180,
      "player": 4,
      "score": 388.3999938964844,
      "version": "final_v7b@150"
    }
  ]
}