g_id,g_level,g_maxTick,g_seed,g_size,p1_id,p1_version,p1_lastTick,p1_score,p2_id,p2_version,p2_lastTick,p2_score,p3_id,p3_version,p3_lastTick,p3_score,p4_id,p4_version,p4_lastTick,p4_score
1637166311,4,1000,326,21,1,final_v2@600,1111,1990,2,final_v3@600,1112,2094,3,final_v4@600,1112,2316,4,local@600,1112,2240
1637166844,10,800,427,15,1,final_v2@600,859,2000,2,final_v3@600,857,1774,3,final_v4@600,857,1834,4,local@600,859,1932
1637167235,5,850,116,17,1,final_v2@600,352,830.6329345703125,2,final_v3@600,924,1773,3,final_v4@600,924,1773,4,local@600,924,1715
1637167658,10,800,142,15,1,final_v2@600,857,1982,2,final_v3@600,859,1918,3,final_v4@600,859,2026,4,local@600,859,2078
1637168063,8,1200,886,21,1,final_v2@600,357,482.8399963378906,2,final_v3@600,1312,2008,3,final_v4@600,1312,2350,4,local@600,1312,2498
