{
  "crashes": null,
  "game": {
    "id": 1637329157,
    "level": 10,
    "maxTick": 800,
    "seed": 926,
    "size": 15
  },
  "results": [
    {
      "lastTick": 476,
      "player": 1,
      "score": 1273.6800537109375,
      "version": "local@150"
    },
    {
      "lastTick": 219,
      "player": 2,
      "score": 681.4199829101563,
      "version": "local@150"
    },
    {
      "lastTick": 9999,
      "player": 3,
      "score": 1146.0,
      "version": "final_v7b@150"
    },
    {
      "lastTick": 219,
      "player": 4,
      "score": 243.4199981689453,
      "version": "final_v7b@150"
    }
  ]
}