{
  "crashes": null,
  "game": {
    "id": 1636904588,
    "level": 7,
    "maxTick": 800,
    "seed": 721,
    "size": 21
  },
  "results": [
    {
      "lastTick": 9999,
      "player": 1,
      "score": 2787.0,
      "version": "final_v1@600"
    },
    {
      "lastTick": 426,
      "player": 2,
      "score": 1807.6800537109375,
      "version": "semifinal@600"
    },
    {
      "lastTick": 426,
      "player": 3,
      "score": 1843.6800537109375,
      "version": "semifinal@600"
    },
    {
      "lastTick": 426,
      "player": 4,
      "score": 1807.6800537109375,
      "version": "semifinal@600"
    }
  ]
}