{
  "crashes": null,
  "game": {
    "id": 1637329153,
    "level": 10,
    "maxTick": 800,
    "seed": 105,
    "size": 15
  },
  "results": [
    {
      "lastTick": 476,
      "player": 1,
      "score": 1203.6800537109375,
      "version": "local@150"
    },
    {
      "lastTick": 476,
      "player": 2,
      "score": 1209.6800537109375,
      "version": "local@150"
    },
    {
      "lastTick": 9999,
      "player": 3,
      "score": 994.0,
      "version": "final_v7b@150"
    },
    {
      "lastTick": 476,
      "player": 4,
      "score": 869.6799926757813,
      "version": "final_v7b@150"
    }
  ]
}