g_id,g_level,g_maxTick,g_seed,g_size,p1_id,p1_version,p1_lastTick,p1_score,p2_id,p2_version,p2_lastTick,p2_score,p3_id,p3_version,p3_lastTick,p3_score,p4_id,p4_version,p4_lastTick,p4_score
1637130002,9,1000,840,21,1,final_v2@600,1112,2413,2,final_v3@600,1112,2403,3,final_v4@600,1112,2351,4,local@600,1112,2449
1637130496,4,1000,311,21,1,final_v2@600,1110,2417,2,final_v3@600,1112,2217,3,final_v4@600,1112,2423,4,local@600,1112,2439
1637131023,2,900,647,9,1,final_v2@600,922,2332,2,final_v3@600,922,2416,3,final_v4@600,922,2398,4,local@600,922,2454
1637131418,8,1200,172,21,1,final_v2@600,299,407.8800048828125,2,final_v3@600,1312,2464,3,final_v4@600,1312,2622,4,local@600,1312,2446
1637132002,5,850,539,17,1,final_v2@600,924,2238,2,final_v3@600,924,2192,3,final_v4@600,924,2232,4,local@600,924,2230
1637132426,4,1000,839,21,1,final_v2@600,648,1656.31201171875,2,final_v3@600,1112,2407,3,final_v4@600,1112,2337,4,local@600,1112,2721
