g_id,g_level,g_maxTick,g_seed,g_size,p1_id,p1_version,p1_lastTick,p1_score,p2_id,p2_version,p2_lastTick,p2_score,p3_id,p3_version,p3_lastTick,p3_score,p4_id,p4_version,p4_lastTick,p4_score
1637250777,4,1000,300,21,1,final_v4@600,1112,3336,2,final_v5@600,1112,3220,3,final_v6@600,1112,3342,4,local@600,1112,3086
1637251336,10,800,716,15,1,final_v4@600,858,1718,2,final_v5@600,506,1319.0799560546875,3,final_v6@600,858,1596,4,local@600,529,1293.219970703125
1637251729,5,850,590,17,1,final_v4@600,475,916.4705810546875,2,final_v5@600,924,2122,3,final_v6@600,924,2108,4,local@600,924,2054
1637252143,10,800,62,15,1,final_v4@600,391,907.3800048828125,2,final_v5@600,859,2043,3,final_v6@600,859,1893,4,local@600,859,2023
1637252535,1,600,236,11,1,final_v4@600,351,729.239990234375,2,final_v5@600,9999,1541,3,final_v6@600,629,1271,4,local@600,629,1331
1637252819,4,1000,388,21,1,final_v4@600,1111,2296,2,final_v5@600,1112,2458,3,final_v6@600,1112,2598,4,local@600,1112,2856
