g_id,g_level,g_maxTick,g_seed,g_size,p1_id,p1_version,p1_lastTick,p1_score,p2_id,p2_version,p2_lastTick,p2_score,p3_id,p3_version,p3_lastTick,p3_score,p4_id,p4_version,p4_lastTick,p4_score
1637134404,2,900,531,9,1,final_v2@600,922,2649,2,final_v3@600,922,2649,3,final_v4@600,922,2601,4,local@600,922,2661
1637134811,4,1000,426,21,1,final_v2@600,1112,2490,2,final_v3@600,1112,2636,3,final_v4@600,1112,2532,4,local@600,1112,2614
1637135348,5,850,641,17,1,final_v2@600,921,2085,2,final_v3@600,924,1983,3,final_v4@600,924,2151,4,local@600,924,2109
1637135763,5,850,773,17,1,final_v2@600,923,1810,2,final_v3@600,924,1756,3,final_v4@600,924,1548,4,local@600,924,1746
1637136184,9,1000,933,21,1,final_v2@600,327,883.0880126953125,2,final_v3@600,1112,2382,3,final_v4@600,1112,2518,4,local@600,1112,2532
1637136701,5,850,673,17,1,final_v2@600,395,915.9176635742188,2,final_v3@600,924,2003,3,final_v4@600,924,1827,4,local@600,924,1881
