g_id,g_level,g_maxTick,g_seed,g_size,p1_id,p1_version,p1_lastTick,p1_score,p2_id,p2_version,p2_lastTick,p2_score,p3_id,p3_version,p3_lastTick,p3_score,p4_id,p4_version,p4_lastTick,p4_score
1637475909,7,800,422,21,1,local@200,910,2529,2,local@200,912,2025,3,final_v8@200,912,1961,4,final_v8@200,912,1937
1637476108,10,800,835,15,1,local@200,268,750.239990234375,2,local@200,268,750.239990234375,3,final_v8@200,268,692.239990234375,4,final_v8@200,260,594.7999877929688
1637476169,10,800,658,15,1,local@200,688,1497.8399658203125,2,local@200,688,1473.8399658203125,3,final_v8@200,858,1794,4,final_v8@200,858,1794
