{
  "crashes": null,
  "game": {
    "id": 1637181529,
    "level": 2,
    "maxTick": 900,
    "seed": 531,
    "size": 9
  },
  "results": [
    {
      "lastTick": 235,
      "player": 1,
      "score": 706.5999755859375,
      "version": "final_v2@600"
    },
    {
      "lastTick": 314,
      "player": 2,
      "score": 1007.239990234375,
      "version": "final_v3@600"
    },
    {
      "lastTick": 314,
      "player": 3,
      "score": 959.239990234375,
      "version": "final_v4@600"
    },
    {
      "lastTick": 9999,
      "player": 4,
      "score": 1377.0,
      "version": "local@600"
    }
  ]
}