{
  "crashes": null,
  "game": {
    "id": 1637332045,
    "level": 10,
    "maxTick": 800,
    "seed": 835,
    "size": 15
  },
  "results": [
    {
      "lastTick": 497,
      "player": 1,
      "score": 1031.4599609375,
      "version": "local@150"
    },
    {
      "lastTick": 497,
      "player": 2,
      "score": 911.4600219726563,
      "version": "local@150"
    },
    {
      "lastTick": 497,
      "player": 3,
      "score": 1053.4599609375,
      "version": "final_v7b@150"
    },
    {
      "lastTick": 497,
      "player": 4,
      "score": 973.4600219726563,
      "version": "final_v7b@150"
    }
  ]
}