g_id,g_level,g_maxTick,g_seed,g_size,p1_id,p1_version,p1_lastTick,p1_score,p2_id,p2_version,p2_lastTick,p2_score,p3_id,p3_version,p3_lastTick,p3_score,p4_id,p4_version,p4_lastTick,p4_score
1637093566,3,1000,973,19,1,final_v3@600,1093,3075,2,final_v3@600,1093,3077,3,final_v3@600,1093,3077,4,local@600,1093,3395
1637094109,4,1000,429,21,1,final_v3@600,1112,3021,2,final_v3@600,1112,2973,3,final_v3@600,1112,2961,4,local@600,1112,3321
1637094672,8,1200,574,21,1,final_v3@600,1312,3055,2,final_v3@600,1312,3033,3,final_v3@600,1312,3095,4,local@600,1312,3081
1637095260,8,1200,79,21,1,final_v3@600,1312,3296,2,final_v3@600,1312,3326,3,final_v3@600,1312,3338,4,local@600,1312,3468
1637095857,6,900,737,21,1,final_v3@600,437,1458.9200439453125,2,final_v3@600,608,1842.280029296875,3,final_v3@600,9999,2013,4,local@600,437,1722.9200439453125
1637096179,9,1000,326,21,1,final_v3@600,1112,2677,2,final_v3@600,1112,2605,3,final_v3@600,1112,2623,4,local@600,1112,2487
