{
  "crashes": null,
  "game": {
    "id": 1637330609,
    "level": 10,
    "maxTick": 800,
    "seed": 79,
    "size": 15
  },
  "results": [
    {
      "lastTick": 142,
      "player": 1,
      "score": 481.55999755859375,
      "version": "local@150"
    },
    {
      "lastTick": 289,
      "player": 2,
      "score": 768.02001953125,
      "version": "local@150"
    },
    {
      "lastTick": 142,
      "player": 3,
      "score": 205.55999755859375,
      "version": "final_v7b@150"
    },
    {
      "lastTick": 9999,
      "player": 4,
      "score": 964.0,
      "version": "final_v7b@150"
    }
  ]
}