{
  "crashes": null,
  "game": {
    "id": 1637326985,
    "level": 7,
    "maxTick": 800,
    "seed": 838,
    "size": 21
  },
  "results": [
    {
      "lastTick": 9999,
      "player": 1,
      "score": 2376.0,
      "version": "local@150"
    },
    {
      "lastTick": 451,
      "player": 2,
      "score": 1675.1800537109375,
      "version": "local@150"
    },
    {
      "lastTick": 349,
      "player": 3,
      "score": 1116.8199462890625,
      "version": "final_v7b@150"
    },
    {
      "lastTick": 315,
      "player": 4,
      "score": 1016.7000122070313,
      "version": "final_v7b@150"
    }
  ]
}