g_id,g_level,g_maxTick,g_seed,g_size,p1_id,p1_version,p1_lastTick,p1_score,p2_id,p2_version,p2_lastTick,p2_score,p3_id,p3_version,p3_lastTick,p3_score,p4_id,p4_version,p4_lastTick,p4_score
1637139051,1,600,839,11,1,final_v2@600,631,1887,2,final_v3@600,633,1911,3,final_v4@600,633,1899,4,local@600,633,1947
1637139340,2,900,96,9,1,final_v2@600,922,2832,2,final_v3@600,922,2682,3,final_v4@600,922,2538,4,local@600,922,2820
1637139748,8,1200,468,21,1,final_v2@600,1311,2487,2,final_v3@600,1312,2231,3,final_v4@600,1311,2433,4,local@600,1312,2317
1637140312,3,1000,703,19,1,final_v2@600,1093,2503,2,final_v3@600,1093,2407,3,final_v4@600,1093,2583,4,local@600,1093,2683
1637140850,10,800,964,15,1,final_v2@600,191,675.3800048828125,2,final_v3@600,190,603.2000122070312,3,final_v4@600,859,1863,4,local@600,859,1975
