g_id,g_level,g_maxTick,g_seed,g_size,p1_id,p1_version,p1_lastTick,p1_score,p2_id,p2_version,p2_lastTick,p2_score,p3_id,p3_version,p3_lastTick,p3_score,p4_id,p4_version,p4_lastTick,p4_score
1637166277,7,800,517,21,1,final_v2@600,414,950.52001953125,2,final_v3@600,912,3076,3,final_v4@600,912,3190,4,local@600,912,3274
1637166765,10,800,168,15,1,final_v2@600,9999,1937,2,final_v3@600,160,291.79998779296875,3,final_v4@600,858,1857,4,local@600,858,1931
1637167157,10,800,583,15,1,final_v2@600,698,1615.6400146484375,2,final_v3@600,859,1834,3,final_v4@600,859,1942,4,local@600,859,1862
1637167547,3,1000,89,19,1,final_v2@600,1093,2171,2,final_v3@600,1093,1979,3,final_v4@600,1093,2459,4,local@600,1093,2271
1637168051,6,900,567,21,1,final_v2@600,1011,2775,2,final_v3@600,1012,2533,3,final_v4@600,414,1201.239990234375,4,local@600,1012,2613
1637168547,9,1000,926,21,1,final_v2@600,558,1020.3519897460938,2,final_v3@600,1111,1942,3,final_v4@600,1111,2120,4,local@600,9999,2294
