{
  "crashes": null,
  "game": {
    "id": 1637250717,
    "level": 2,
    "maxTick": 900,
    "seed": 531,
    "size": 9
  },
  "results": [
    {
      "lastTick": 532,
      "player": 1,
      "score": 1275.1199951171875,
      "version": "final_v4@600"
    },
    {
      "lastTick": 9999,
      "player": 2,
      "score": 1634.0,
      "version": "final_v5@600"
    },
    {
      "lastTick": 311,
      "player": 3,
      "score": 791.760009765625,
      "version": "final_v6@600"
    },
    {
      "lastTick": 311,
      "player": 4,
      "score": 831.760009765625,
      "version": "local@600"
    }
  ]
}