{
  "crashes": null,
  "game": {
    "id": 1637332175,
    "level": 5,
    "maxTick": 850,
    "seed": 735,
    "size": 17
  },
  "results": [
    {
      "lastTick": 560,
      "player": 1,
      "score": 828.87060546875,
      "version": "local@150"
    },
    {
      "lastTick": 560,
      "player": 2,
      "score": 894.87060546875,
      "version": "local@150"
    },
    {
      "lastTick": 9999,
      "player": 3,
      "score": 1328.0,
      "version": "final_v7b@150"
    },
    {
      "lastTick": 518,
      "player": 4,
      "score": 1141.7552490234375,
      "version": "final_v7b@150"
    }
  ]
}