g_id,g_level,g_maxTick,g_seed,g_size,p1_id,p1_version,p1_lastTick,p1_score,p2_id,p2_version,p2_lastTick,p2_score,p3_id,p3_version,p3_lastTick,p3_score,p4_id,p4_version,p4_lastTick,p4_score
1637326983,5,850,326,17,1,local@150,611,1025.5106201171875,2,local@150,745,1446.2117919921875,3,final_v7b@150,745,1474.2117919921875,4,final_v7b@150,697,1132.0799560546875
1637327083,10,800,427,15,1,local@150,859,1848,2,local@150,179,590.219970703125,3,final_v7b@150,179,380.2200012207031,4,final_v7b@150,859,1442
1637327186,8,1200,116,21,1,local@150,9999,696,2,local@150,437,754.4400024414062,3,final_v7b@150,342,377.0400085449219,4,final_v7b@150,214,243.67999267578125
