g_id,g_level,g_maxTick,g_seed,g_size,p1_id,p1_version,p1_lastTick,p1_score,p2_id,p2_version,p2_lastTick,p2_score,p3_id,p3_version,p3_lastTick,p3_score,p4_id,p4_version,p4_lastTick,p4_score
1637097414,7,800,829,21,1,final_v3@600,912,2719,2,final_v3@600,912,2427,3,final_v3@600,912,2535,4,local@600,912,2607
1637097920,7,800,919,21,1,final_v3@600,912,2309,2,final_v3@600,912,2503,3,final_v3@600,912,2563,4,local@600,912,2873
1637098391,5,850,457,17,1,final_v3@600,924,2682,2,final_v3@600,924,2670,3,final_v3@600,924,2706,4,local@600,924,2742
1637098823,9,1000,105,21,1,final_v3@600,316,864.5040283203125,2,final_v3@600,316,896.5040283203125,3,final_v3@600,316,864.5040283203125,4,local@600,9999,1135
1637098998,4,1000,700,21,1,final_v3@600,1112,3345,2,final_v3@600,1112,3013,3,final_v3@600,1112,3013,4,local@600,1112,2977
1637099543,6,900,841,21,1,final_v3@600,1012,3301,2,final_v3@600,1012,3223,3,final_v3@600,1012,3235,4,local@600,1012,3393
