g_id,g_level,g_maxTick,g_seed,g_size,p1_id,p1_version,p1_lastTick,p1_score,p2_id,p2_version,p2_lastTick,p2_score,p3_id,p3_version,p3_lastTick,p3_score,p4_id,p4_version,p4_lastTick,p4_score
1637153188,1,600,810,11,1,final_v2@600,447,855.280029296875,2,final_v3@600,633,1548,3,final_v4@600,633,1578,4,local@600,633,1430
1637153472,9,1000,609,21,1,final_v2@600,720,1454.6800537109375,2,final_v3@600,1112,2145,3,final_v4@600,1112,2085,4,local@600,1112,2051
1637153976,2,900,52,9,1,final_v2@600,922,3185,2,final_v3@600,922,3065,3,final_v4@600,922,3177,4,local@600,922,3077
1637154389,9,1000,94,21,1,final_v2@600,1112,2695,2,final_v3@600,1112,2841,3,final_v4@600,1112,2781,4,local@600,1112,2771
1637154893,2,900,393,9,1,final_v2@600,922,2502,2,final_v3@600,922,2528,3,final_v4@600,922,2528,4,local@600,922,2474
1637155292,5,850,969,17,1,final_v2@600,923,1767,2,final_v3@600,924,1873,3,final_v4@600,924,1849,4,local@600,924,1759
