{
  "crashes": null,
  "game": {
    "id": 1637329270,
    "level": 1,
    "maxTick": 600,
    "seed": 768,
    "size": 11
  },
  "results": [
    {
      "lastTick": 508,
      "player": 1,
      "score": 1049.9200439453125,
      "version": "local@150"
    },
    {
      "lastTick": 524,
      "player": 2,
      "score": 1061.760009765625,
      "version": "local@150"
    },
    {
      "lastTick": 557,
      "player": 3,
      "score": 1247.6800537109375,
      "version": "final_v7b@150"
    },
    {
      "lastTick": 9999,
      "player": 4,
      "score": 1494.0,
      "version": "final_v7b@150"
    }
  ]
}