{
  "crashes": null,
  "game": {
    "id": 1637330709,
    "level": 6,
    "maxTick": 900,
    "seed": 168,
    "size": 21
  },
  "results": [
    {
      "lastTick": 9999,
      "player": 1,
      "score": 1000.0,
      "version": "local@150"
    },
    {
      "lastTick": 173,
      "player": 2,
      "score": 747.6799926757813,
      "version": "local@150"
    },
    {
      "lastTick": 173,
      "player": 3,
      "score": 637.6799926757813,
      "version": "final_v7b@150"
    },
    {
      "lastTick": 173,
      "player": 4,
      "score": 565.6799926757813,
      "version": "final_v7b@150"
    }
  ]
}