{
  "crashes": null,
  "game": {
    "id": 1637182976,
    "level": 2,
    "maxTick": 900,
    "seed": 393,
    "size": 9
  },
  "results": [
    {
      "lastTick": 235,
      "player": 1,
      "score": 643.5999755859375,
      "version": "final_v2@600"
    },
    {
      "lastTick": 331,
      "player": 2,
      "score": 900.9600219726563,
      "version": "final_v3@600"
    },
    {
      "lastTick": 331,
      "player": 3,
      "score": 900.9600219726563,
      "version": "final_v4@600"
    },
    {
      "lastTick": 9999,
      "player": 4,
      "score": 1378.0,
      "version": "local@600"
    }
  ]
}