g_id,g_level,g_maxTick,g_seed,g_size,p1_id,p1_version,p1_lastTick,p1_score,p2_id,p2_version,p2_lastTick,p2_score,p3_id,p3_version,p3_lastTick,p3_score,p4_id,p4_version,p4_lastTick,p4_score
1637329142,1,600,981,11,1,local@150,9999,1046,2,local@150,460,1188.4000244140625,3,final_v7b@150,460,1162.4000244140625,4,final_v7b@150,460,1134.4000244140625
1637329211,7,800,763,21,1,local@150,9999,2616,2,local@150,478,2402.0400390625,3,final_v7b@150,352,777.3599853515625,4,final_v7b@150,227,658.8599853515625
1637329291,5,850,384,17,1,local@150,403,812.27294921875,2,local@150,403,888.27294921875,3,final_v7b@150,403,888.27294921875,4,final_v7b@150,403,888.27294921875
