{
  "crashes": null,
  "game": {
    "id": 1637329173,
    "level": 2,
    "maxTick": 900,
    "seed": 260,
    "size": 9
  },
  "results": [
    {
      "lastTick": 379,
      "player": 1,
      "score": 906.6400146484375,
      "version": "local@150"
    },
    {
      "lastTick": 379,
      "player": 2,
      "score": 906.6400146484375,
      "version": "local@150"
    },
    {
      "lastTick": 379,
      "player": 3,
      "score": 816.6400146484375,
      "version": "final_v7b@150"
    },
    {
      "lastTick": 379,
      "player": 4,
      "score": 816.6400146484375,
      "version": "final_v7b@150"
    }
  ]
}