{
  "crashes": null,
  "game": {
    "id": 1637327048,
    "level": 4,
    "maxTick": 1000,
    "seed": 512,
    "size": 21
  },
  "results": [
    {
      "lastTick": 390,
      "player": 1,
      "score": 1165.1600341796875,
      "version": "local@150"
    },
    {
      "lastTick": 411,
      "player": 2,
      "score": 1336.1839599609375,
      "version": "local@150"
    },
    {
      "lastTick": 323,
      "player": 3,
      "score": 791.5120239257813,
      "version": "final_v7b@150"
    },
    {
      "lastTick": 411,
      "player": 4,
      "score": 1196.1839599609375,
      "version": "final_v7b@150"
    }
  ]
}