g_id,g_level,g_maxTick,g_seed,g_size,p1_id,p1_version,p1_lastTick,p1_score,p2_id,p2_version,p2_lastTick,p2_score,p3_id,p3_version,p3_lastTick,p3_score,p4_id,p4_version,p4_lastTick,p4_score
1637089234,3,1000,973,19,1,final_v3@600,1093,3062,2,final_v3@600,1093,3062,3,final_v3@600,1093,3062,4,local@600,1093,3342
1637089769,4,1000,429,21,1,final_v3@600,1112,2956,2,final_v3@600,1112,2908,3,final_v3@600,1112,2896,4,local@600,1112,3144
1637090327,8,1200,574,21,1,final_v3@600,1312,2983,2,final_v3@600,1312,3025,3,final_v3@600,1312,3025,4,local@600,1312,3087
1637090918,8,1200,79,21,1,final_v3@600,1312,3259,2,final_v3@600,1312,3289,3,final_v3@600,1312,3301,4,local@600,1312,3447
1637091515,6,900,737,21,1,final_v3@600,437,1458.9200439453125,2,final_v3@600,608,1842.280029296875,3,final_v3@600,9999,2013,4,local@600,437,1722.9200439453125
1637091836,9,1000,326,21,1,final_v3@600,1112,3055,2,final_v3@600,1112,3031,3,final_v3@600,1112,3099,4,local@600,1112,2995
