{
  "crashes": null,
  "game": {
    "id": 1637329221,
    "level": 8,
    "maxTick": 1200,
    "seed": 856,
    "size": 21
  },
  "results": [
    {
      "lastTick": 279,
      "player": 1,
      "score": 261.4800109863281,
      "version": "local@150"
    },
    {
      "lastTick": 9999,
      "player": 2,
      "score": 1122.0,
      "version": "local@150"
    },
    {
      "lastTick": 512,
      "player": 3,
      "score": 933.4400024414063,
      "version": "final_v7b@150"
    },
    {
      "lastTick": 430,
      "player": 4,
      "score": 613.5999755859375,
      "version": "final_v7b@150"
    }
  ]
}