{
  "crashes": null,
  "game": {
    "id": 1637150380,
    "level": 8,
    "maxTick": 1200,
    "seed": 172,
    "size": 21
  },
  "results": [
    {
      "lastTick": 263,
      "player": 1,
      "score": 379.55999755859375,
      "version": "final_v2@600"
    },
    {
      "lastTick": 311,
      "player": 2,
      "score": 493.32000732421875,
      "version": "final_v3@600"
    },
    {
      "lastTick": 9999,
      "player": 3,
      "score": 1086.0,
      "version": "final_v4@600"
    },
    {
      "lastTick": 263,
      "player": 4,
      "score": 445.55999755859375,
      "version": "local@600"
    }
  ]
}