{
  "crashes": null,
  "game": {
    "id": 1637326981,
    "level": 3,
    "maxTick": 1000,
    "seed": 517,
    "size": 19
  },
  "results": [
    {
      "lastTick": 952,
      "player": 1,
      "score": 2071.087890625,
      "version": "local@150"
    },
    {
      "lastTick": 952,
      "player": 2,
      "score": 1813.0880126953125,
      "version": "local@150"
    },
    {
      "lastTick": 279,
      "player": 3,
      "score": 748.176025390625,
      "version": "final_v7b@150"
    },
    {
      "lastTick": 9999,
      "player": 4,
      "score": 1974.0,
      "version": "final_v7b@150"
    }
  ]
}