{
  "crashes": null,
  "game": {
    "id": 1637330538,
    "level": 8,
    "maxTick": 1200,
    "seed": 973,
    "size": 21
  },
  "results": [
    {
      "lastTick": 605,
      "player": 1,
      "score": 736.5999755859375,
      "version": "local@150"
    },
    {
      "lastTick": 891,
      "player": 2,
      "score": 1098.9200439453125,
      "version": "local@150"
    },
    {
      "lastTick": 932,
      "player": 3,
      "score": 1295.8399658203125,
      "version": "final_v7b@150"
    },
    {
      "lastTick": 932,
      "player": 4,
      "score": 1247.8399658203125,
      "version": "final_v7b@150"
    }
  ]
}