{
  "crashes": null,
  "game": {
    "id": 1637132115,
    "level": 6,
    "maxTick": 900,
    "seed": 737,
    "size": 21
  },
  "results": [
    {
      "lastTick": 393,
      "player": 1,
      "score": 1402.8800048828125,
      "version": "final_v2@600"
    },
    {
      "lastTick": 463,
      "player": 2,
      "score": 1936.0799560546875,
      "version": "final_v3@600"
    },
    {
      "lastTick": 240,
      "player": 3,
      "score": 956.4000244140625,
      "version": "final_v4@600"
    },
    {
      "lastTick": 9999,
      "player": 4,
      "score": 1820.0,
      "version": "local@600"
    }
  ]
}