{
  "crashes": null,
  "game": {
    "id": 1637329188,
    "level": 9,
    "maxTick": 1000,
    "seed": 418,
    "size": 21
  },
  "results": [
    {
      "lastTick": 9999,
      "player": 1,
      "score": 1512.0,
      "version": "local@150"
    },
    {
      "lastTick": 670,
      "player": 2,
      "score": 1226.47998046875,
      "version": "local@150"
    },
    {
      "lastTick": 670,
      "player": 3,
      "score": 1350.47998046875,
      "version": "final_v7b@150"
    },
    {
      "lastTick": 670,
      "player": 4,
      "score": 1368.47998046875,
      "version": "final_v7b@150"
    }
  ]
}