{
  "crashes": null,
  "game": {
    "id": 1637330498,
    "level": 10,
    "maxTick": 800,
    "seed": 926,
    "size": 15
  },
  "results": [
    {
      "lastTick": 290,
      "player": 1,
      "score": 862.2000122070313,
      "version": "local@150"
    },
    {
      "lastTick": 290,
      "player": 2,
      "score": 1012.2000122070313,
      "version": "local@150"
    },
    {
      "lastTick": 120,
      "player": 3,
      "score": 123.5999984741211,
      "version": "final_v7b@150"
    },
    {
      "lastTick": 9999,
      "player": 4,
      "score": 492.0,
      "version": "final_v7b@150"
    }
  ]
}