{
  "crashes": null,
  "game": {
    "id": 1637476104,
    "level": 6,
    "maxTick": 900,
    "seed": 168,
    "size": 21
  },
  "results": [
    {
      "lastTick": 201,
      "player": 1,
      "score": 810.1599731445313,
      "version": "local@200"
    },
    {
      "lastTick": 201,
      "player": 2,
      "score": 744.1599731445313,
      "version": "local@200"
    },
    {
      "lastTick": 201,
      "player": 3,
      "score": 774.1599731445313,
      "version": "final_v8@200"
    },
    {
      "lastTick": 9999,
      "player": 4,
      "score": 1092.0,
      "version": "final_v8@200"
    }
  ]
}