{
  "crashes": null,
  "game": {
    "id": 1637329327,
    "level": 8,
    "maxTick": 1200,
    "seed": 841,
    "size": 21
  },
  "results": [
    {
      "lastTick": 465,
      "player": 1,
      "score": 601.7999877929688,
      "version": "local@150"
    },
    {
      "lastTick": 643,
      "player": 2,
      "score": 1083.1600341796875,
      "version": "local@150"
    },
    {
      "lastTick": 9999,
      "player": 3,
      "score": 990.0,
      "version": "final_v7b@150"
    },
    {
      "lastTick": 432,
      "player": 4,
      "score": 513.8400268554688,
      "version": "final_v7b@150"
    }
  ]
}