g_id,g_level,g_maxTick,g_seed,g_size,p1_id,p1_version,p1_lastTick,p1_score,p2_id,p2_version,p2_lastTick,p2_score,p3_id,p3_version,p3_lastTick,p3_score,p4_id,p4_version,p4_lastTick,p4_score
1637139086,4,1000,326,21,1,final_v2@600,583,1913.9520263671875,2,final_v3@600,313,913.072021484375,3,final_v4@600,313,1131.072021484375,4,local@600,9999,1608
1637139403,10,800,427,15,1,final_v2@600,859,1979,2,final_v3@600,859,1963,3,final_v4@600,859,2047,4,local@600,859,2063
1637139797,5,850,116,17,1,final_v2@600,924,2259,2,final_v3@600,924,2285,3,final_v4@600,924,2285,4,local@600,924,2291
1637140213,10,800,142,15,1,final_v2@600,859,2038,2,final_v3@600,859,1876,3,final_v4@600,859,2092,4,local@600,859,2094
1637140608,8,1200,886,21,1,final_v2@600,515,721.7999877929688,2,final_v3@600,1312,2196,3,final_v4@600,1312,2274,4,local@600,1312,2238
