g_id,g_level,g_maxTick,g_seed,g_size,p1_id,p1_version,p1_lastTick,p1_score,p2_id,p2_version,p2_lastTick,p2_score,p3_id,p3_version,p3_lastTick,p3_score,p4_id,p4_version,p4_lastTick,p4_score
1637097576,2,900,981,9,1,final_v3@600,922,3223,2,final_v3@600,922,3223,3,final_v3@600,922,3247,4,local@600,922,3363
1637097987,9,1000,763,21,1,final_v3@600,1112,2600,2,final_v3@600,1112,2556,3,final_v3@600,1112,2576,4,local@600,1112,2588
1637098503,5,850,384,17,1,final_v3@600,924,2706,2,final_v3@600,924,2694,3,final_v3@600,924,2730,4,local@600,924,2718
1637098929,1,600,884,11,1,final_v3@600,633,1896,2,final_v3@600,633,1896,3,final_v3@600,633,2016,4,local@600,633,1620
1637099210,7,800,928,21,1,final_v3@600,412,1231.1600341796875,2,final_v3@600,412,1839.1600341796875,3,final_v3@600,911,2461,4,local@600,9999,2773
1637099688,5,850,344,17,1,final_v3@600,924,2550,2,final_v3@600,924,2538,3,final_v3@600,924,2574,4,local@600,924,2490
