g_id,g_level,g_maxTick,g_seed,g_size,p1_id,p1_version,p1_lastTick,p1_score,p2_id,p2_version,p2_lastTick,p2_score,p3_id,p3_version,p3_lastTick,p3_score,p4_id,p4_version,p4_lastTick,p4_score
1637134308,5,850,70,17,1,final_v2@600,924,2685,2,final_v3@600,924,2591,3,final_v4@600,924,2591,4,local@600,924,2597
1637134741,6,900,278,21,1,final_v2@600,1011,3095,2,final_v3@600,1012,2435,3,final_v4@600,1012,2147,4,local@600,1012,2307
1637135246,7,800,721,21,1,final_v2@600,911,2647,2,final_v3@600,912,3063,3,final_v4@600,912,2749,4,local@600,912,2701
1637135713,7,800,208,21,1,final_v2@600,9999,2402,2,final_v3@600,910,3124,3,final_v4@600,911,2612,4,local@600,631,2431.580078125
1637136177,9,1000,231,21,1,final_v2@600,464,997.8159790039062,2,final_v3@600,1112,2245,3,final_v4@600,1112,2305,4,local@600,1112,2415
