g_id,g_level,g_maxTick,g_seed,g_size,p1_id,p1_version,p1_lastTick,p1_score,p2_id,p2_version,p2_lastTick,p2_score,p3_id,p3_version,p3_lastTick,p3_score,p4_id,p4_version,p4_lastTick,p4_score
1637326951,10,800,926,15,1,local@150,9999,1342,2,local@150,335,748.2999877929688,3,final_v7b@150,186,503.4800109863281,4,final_v7b@150,476,805.6799926757812
1637327019,8,1200,856,21,1,local@150,292,305.0400085449219,2,local@150,367,518.0399780273438,3,final_v7b@150,367,566.0399780273438,4,final_v7b@150,9999,878
