g_id,g_level,g_maxTick,g_seed,g_size,p1_id,p1_version,p1_lastTick,p1_score,p2_id,p2_version,p2_lastTick,p2_score,p3_id,p3_version,p3_lastTick,p3_score,p4_id,p4_version,p4_lastTick,p4_score
1637153315,2,900,531,9,1,final_v2@600,922,2597,2,final_v3@600,922,2561,3,final_v4@600,922,2501,4,local@600,922,2485
1637153713,4,1000,426,21,1,final_v2@600,259,847.2960205078125,2,final_v3@600,259,945.2960205078125,3,final_v4@600,9999,1832,4,local@600,594,1587.5360107421875
1637154048,5,850,641,17,1,final_v2@600,924,2193,2,final_v3@600,924,2115,3,final_v4@600,924,2211,4,local@600,924,2217
1637154458,5,850,773,17,1,final_v2@600,923,1794,2,final_v3@600,924,1612,3,final_v4@600,924,1636,4,local@600,924,1690
1637154866,9,1000,933,21,1,final_v2@600,1111,2188,2,final_v3@600,1112,2092,3,final_v4@600,1112,2136,4,local@600,1112,2220
1637155351,5,850,673,17,1,final_v2@600,394,919.7482299804688,2,final_v3@600,9999,1519,3,final_v4@600,486,1001.3341064453125,4,local@600,523,1109.602294921875
