g_id,g_level,g_maxTick,g_seed,g_size,p1_id,p1_version,p1_lastTick,p1_score,p2_id,p2_version,p2_lastTick,p2_score,p3_id,p3_version,p3_lastTick,p3_score,p4_id,p4_version,p4_lastTick,p4_score
1637246043,4,1000,300,21,1,final_v3@600,1111,2729,2,final_v4@600,1111,2717,3,final_v5@600,1112,2645,4,local@600,1112,3093
1637246600,10,800,716,15,1,final_v3@600,859,2099,2,final_v4@600,859,2247,3,final_v5@600,859,2361,4,local@600,859,2261
1637246990,5,850,590,17,1,final_v3@600,924,2306,2,final_v4@600,924,2212,3,final_v5@600,924,2218,4,local@600,924,2336
1637247401,10,800,62,15,1,final_v3@600,500,1142,2,final_v4@600,156,400.0799865722656,3,final_v5@600,9999,1818,4,local@600,615,1388.699951171875
1637247690,1,600,236,11,1,final_v3@600,418,1181.3199462890625,2,final_v4@600,512,1587.8800048828125,3,final_v5@600,9999,1631,4,local@600,628,1511
1637247987,4,1000,388,21,1,final_v3@600,251,925.1439819335938,2,final_v4@600,1112,2387,3,final_v5@600,1112,2489,4,local@600,1112,2419
