{
  "crashes": null,
  "game": {
    "id": 1637334292,
    "level": 5,
    "maxTick": 850,
    "seed": 735,
    "size": 17
  },
  "results": [
    {
      "lastTick": 510,
      "player": 1,
      "score": 910.4000244140625,
      "version": "local@150"
    },
    {
      "lastTick": 510,
      "player": 2,
      "score": 790.4000244140625,
      "version": "local@150"
    },
    {
      "lastTick": 380,
      "player": 3,
      "score": 818.37646484375,
      "version": "final_v7b@150"
    },
    {
      "lastTick": 380,
      "player": 4,
      "score": 806.37646484375,
      "version": "final_v7b@150"
    }
  ]
}