{
  "crashes": null,
  "game": {
    "id": 1637475947,
    "level": 9,
    "maxTick": 1000,
    "seed": 536,
    "size": 21
  },
  "results": [
    {
      "lastTick": 985,
      "player": 1,
      "score": 1755.8399658203125,
      "version": "local@200"
    },
    {
      "lastTick": 985,
      "player": 2,
      "score": 1593.8399658203125,
      "version": "local@200"
    },
    {
      "lastTick": 985,
      "player": 3,
      "score": 1737.8399658203125,
      "version": "final_v8@200"
    },
    {
      "lastTick": 9999,
      "player": 4,
      "score": 1758.0,
      "version": "final_v8@200"
    }
  ]
}