g_id,g_level,g_maxTick,g_seed,g_size,p1_id,p1_version,p1_lastTick,p1_score,p2_id,p2_version,p2_lastTick,p2_score,p3_id,p3_version,p3_lastTick,p3_score,p4_id,p4_version,p4_lastTick,p4_score
1637330498,10,800,926,15,1,local@150,290,862.2000122070312,2,local@150,290,1012.2000122070312,3,final_v7b@150,120,123.5999984741211,4,final_v7b@150,9999,492
1637330548,8,1200,856,21,1,local@150,433,471.9599914550781,2,local@150,9999,842,3,final_v7b@150,586,682.3200073242188,4,final_v7b@150,579,555.47998046875
