{
  "crashes": null,
  "game": {
    "id": 1637332145,
    "level": 4,
    "maxTick": 1000,
    "seed": 926,
    "size": 21
  },
  "results": [
    {
      "lastTick": 9999,
      "player": 1,
      "score": 1950.0,
      "version": "local@150"
    },
    {
      "lastTick": 578,
      "player": 2,
      "score": 1803.2320556640625,
      "version": "local@150"
    },
    {
      "lastTick": 578,
      "player": 3,
      "score": 1545.2320556640625,
      "version": "final_v7b@150"
    },
    {
      "lastTick": 220,
      "player": 4,
      "score": 723.6799926757813,
      "version": "final_v7b@150"
    }
  ]
}