{
  "crashes": null,
  "game": {
    "id": 1637327150,
    "level": 10,
    "maxTick": 800,
    "seed": 658,
    "size": 15
  },
  "results": [
    {
      "lastTick": 735,
      "player": 1,
      "score": 2004.300048828125,
      "version": "local@150"
    },
    {
      "lastTick": 508,
      "player": 2,
      "score": 1459.43994140625,
      "version": "local@150"
    },
    {
      "lastTick": 735,
      "player": 3,
      "score": 1650.300048828125,
      "version": "final_v7b@150"
    },
    {
      "lastTick": 268,
      "player": 4,
      "score": 282.239990234375,
      "version": "final_v7b@150"
    }
  ]
}