g_id,g_level,g_maxTick,g_seed,g_size,p1_id,p1_version,p1_lastTick,p1_score,p2_id,p2_version,p2_lastTick,p2_score,p3_id,p3_version,p3_lastTick,p3_score,p4_id,p4_version,p4_lastTick,p4_score
1637334152,9,1000,418,21,1,local@150,696,1138.2239990234375,2,local@150,9999,1432,3,final_v7b@150,696,1144.2239990234375,4,final_v7b@150,625,992
1637334267,4,1000,512,21,1,local@150,604,1244.9759521484375,2,local@150,699,2002.656005859375,3,final_v7b@150,9999,1686,4,final_v7b@150,296,856.6240234375
