g_id,g_level,g_maxTick,g_seed,g_size,p1_id,p1_version,p1_lastTick,p1_score,p2_id,p2_version,p2_lastTick,p2_score,p3_id,p3_version,p3_lastTick,p3_score,p4_id,p4_version,p4_lastTick,p4_score
1637129947,2,900,981,9,1,final_v2@600,922,2239,2,final_v3@600,922,2203,3,final_v4@600,922,1973,4,local@600,922,2289
1637130342,9,1000,763,21,1,final_v2@600,1112,2626,2,final_v3@600,1112,2662,3,final_v4@600,1112,2708,4,local@600,1112,2660
1637130865,5,850,384,17,1,final_v2@600,924,1963,2,final_v3@600,924,1973,3,final_v4@600,924,2005,4,local@600,924,1935
1637131268,1,600,884,11,1,final_v2@600,631,1560,2,final_v3@600,632,1624,3,final_v4@600,632,1630,4,local@600,632,1606
1637131544,7,800,928,21,1,final_v2@600,911,2641,2,final_v3@600,9999,2665,3,final_v4@600,469,1715.4200439453125,4,local@600,469,1703.4200439453125
1637132011,5,850,344,17,1,final_v2@600,923,1962,2,final_v3@600,924,2014,3,final_v4@600,924,1966,4,local@600,924,2206
