{
  "crashes": null,
  "game": {
    "id": 1637326988,
    "level": 7,
    "maxTick": 800,
    "seed": 422,
    "size": 21
  },
  "results": [
    {
      "lastTick": 314,
      "player": 1,
      "score": 1212.52001953125,
      "version": "local@150"
    },
    {
      "lastTick": 9999,
      "player": 2,
      "score": 1564.0,
      "version": "local@150"
    },
    {
      "lastTick": 321,
      "player": 3,
      "score": 1281.780029296875,
      "version": "final_v7b@150"
    },
    {
      "lastTick": 321,
      "player": 4,
      "score": 1077.780029296875,
      "version": "final_v7b@150"
    }
  ]
}