{
  "crashes": null,
  "game": {
    "id": 1637329415,
    "level": 5,
    "maxTick": 850,
    "seed": 735,
    "size": 17
  },
  "results": [
    {
      "lastTick": 700,
      "player": 1,
      "score": 1322.5882568359375,
      "version": "local@150"
    },
    {
      "lastTick": 9999,
      "player": 2,
      "score": 1380.0,
      "version": "local@150"
    },
    {
      "lastTick": 700,
      "player": 3,
      "score": 1372.5882568359375,
      "version": "final_v7b@150"
    },
    {
      "lastTick": 700,
      "player": 4,
      "score": 1360.5882568359375,
      "version": "final_v7b@150"
    }
  ]
}