{
  "crashes": null,
  "game": {
    "id": 1637182798,
    "level": 6,
    "maxTick": 900,
    "seed": 260,
    "size": 21
  },
  "results": [
    {
      "lastTick": 610,
      "player": 1,
      "score": 1803.5999755859375,
      "version": "final_v2@600"
    },
    {
      "lastTick": 849,
      "player": 2,
      "score": 1705.8399658203125,
      "version": "final_v3@600"
    },
    {
      "lastTick": 416,
      "player": 3,
      "score": 1566.56005859375,
      "version": "final_v4@600"
    },
    {
      "lastTick": 9999,
      "player": 4,
      "score": 2392.0,
      "version": "local@600"
    }
  ]
}