g_id,g_level,g_maxTick,g_seed,g_size,p1_id,p1_version,p1_lastTick,p1_score,p2_id,p2_version,p2_lastTick,p2_score,p3_id,p3_version,p3_lastTick,p3_score,p4_id,p4_version,p4_lastTick,p4_score
1637250771,1,600,388,11,1,final_v4@600,632,1246,2,final_v5@600,631,1382,3,final_v6@600,632,1568,4,local@600,632,1420
1637251061,7,800,103,21,1,final_v4@600,742,1922.56005859375,2,final_v5@600,911,2685,3,final_v6@600,9999,2669,4,local@600,911,2773
1637251526,1,600,671,11,1,final_v4@600,633,1532,2,final_v5@600,633,1538,3,final_v6@600,633,1662,4,local@600,633,1652
1637251808,3,1000,347,19,1,final_v4@600,665,1781.760009765625,2,final_v5@600,1093,2734,3,final_v6@600,1093,2854,4,local@600,1093,2890
1637252342,7,800,464,21,1,final_v4@600,506,1736.0799560546875,2,final_v5@600,361,2069.97998046875,3,final_v6@600,912,2665,4,local@600,912,2429
