{
  "crashes": null,
  "game": {
    "id": 1637327141,
    "level": 5,
    "maxTick": 850,
    "seed": 735,
    "size": 17
  },
  "results": [
    {
      "lastTick": 529,
      "player": 1,
      "score": 927.6188354492188,
      "version": "local@150"
    },
    {
      "lastTick": 9999,
      "player": 2,
      "score": 1008.0,
      "version": "local@150"
    },
    {
      "lastTick": 529,
      "player": 3,
      "score": 957.6188354492188,
      "version": "final_v7b@150"
    },
    {
      "lastTick": 529,
      "player": 4,
      "score": 1011.6188354492188,
      "version": "final_v7b@150"
    }
  ]
}