{
  "crashes": null,
  "game": {
    "id": 1637332125,
    "level": 4,
    "maxTick": 1000,
    "seed": 675,
    "size": 21
  },
  "results": [
    {
      "lastTick": 613,
      "player": 1,
      "score": 1887.27197265625,
      "version": "local@150"
    },
    {
      "lastTick": 575,
      "player": 2,
      "score": 1231.800048828125,
      "version": "local@150"
    },
    {
      "lastTick": 365,
      "player": 3,
      "score": 1077.56005859375,
      "version": "final_v7b@150"
    },
    {
      "lastTick": 613,
      "player": 4,
      "score": 1599.27197265625,
      "version": "final_v7b@150"
    }
  ]
}