{
  "crashes": null,
  "game": {
    "id": 1637333039,
    "level": 3,
    "maxTick": 1000,
    "seed": 8,
    "size": 19
  },
  "results": [
    {
      "lastTick": 9999,
      "player": 1,
      "score": 1050.0,
      "version": "local@150"
    },
    {
      "lastTick": 275,
      "player": 2,
      "score": 827.5999755859375,
      "version": "local@150"
    },
    {
      "lastTick": 335,
      "player": 3,
      "score": 914.239990234375,
      "version": "final_v7b@150"
    },
    {
      "lastTick": 335,
      "player": 4,
      "score": 896.239990234375,
      "version": "final_v7b@150"
    }
  ]
}