{
  "crashes": null,
  "game": {
    "id": 1637330518,
    "level": 4,
    "maxTick": 1000,
    "seed": 574,
    "size": 21
  },
  "results": [
    {
      "lastTick": 545,
      "player": 1,
      "score": 1528.47998046875,
      "version": "local@150"
    },
    {
      "lastTick": 9999,
      "player": 2,
      "score": 1592.0,
      "version": "local@150"
    },
    {
      "lastTick": 399,
      "player": 3,
      "score": 877.4559936523438,
      "version": "final_v7b@150"
    },
    {
      "lastTick": 400,
      "player": 4,
      "score": 931.5999755859375,
      "version": "final_v7b@150"
    }
  ]
}