{
  "crashes": null,
  "game": {
    "id": 1637330661,
    "level": 3,
    "maxTick": 1000,
    "seed": 517,
    "size": 19
  },
  "results": [
    {
      "lastTick": 281,
      "player": 1,
      "score": 910.4639892578125,
      "version": "local@150"
    },
    {
      "lastTick": 9999,
      "player": 2,
      "score": 1180.0,
      "version": "local@150"
    },
    {
      "lastTick": 216,
      "player": 3,
      "score": 671.10400390625,
      "version": "final_v7b@150"
    },
    {
      "lastTick": 216,
      "player": 4,
      "score": 689.10400390625,
      "version": "final_v7b@150"
    }
  ]
}