g_id,g_level,g_maxTick,g_seed,g_size,p1_id,p1_version,p1_lastTick,p1_score,p2_id,p2_version,p2_lastTick,p2_score,p3_id,p3_version,p3_lastTick,p3_score,p4_id,p4_version,p4_lastTick,p4_score
1637044991,9,1000,36,21,1,final_v3@600,1112,2989,2,final_v3@600,1112,3021,3,final_v3@600,1112,2989,4,local@600,1112,2953
1637045549,4,1000,529,21,1,final_v3@600,1112,3156,2,final_v3@600,1112,3006,3,final_v3@600,1112,3006,4,local@600,1112,3420
1637046137,9,1000,429,21,1,final_v3@600,1112,2845,2,final_v3@600,1112,2877,3,final_v3@600,1112,2845,4,local@600,1112,2809
1637046671,3,1000,422,19,1,final_v3@600,1093,3059,2,final_v3@600,1093,3059,3,final_v3@600,1093,3059,4,local@600,1093,3687
1637047207,6,900,835,21,1,final_v3@600,720,2156.199951171875,2,final_v3@600,9999,2771,3,final_v3@600,720,2404.199951171875,4,local@600,720,2266.199951171875
