{
  "crashes": null,
  "game": {
    "id": 1637332233,
    "level": 6,
    "maxTick": 900,
    "seed": 457,
    "size": 21
  },
  "results": [
    {
      "lastTick": 9999,
      "player": 1,
      "score": 1962.0,
      "version": "local@150"
    },
    {
      "lastTick": 247,
      "player": 2,
      "score": 843.52001953125,
      "version": "local@150"
    },
    {
      "lastTick": 497,
      "player": 3,
      "score": 1969.52001953125,
      "version": "final_v7b@150"
    },
    {
      "lastTick": 149,
      "player": 4,
      "score": 599.8400268554688,
      "version": "final_v7b@150"
    }
  ]
}