g_id,g_level,g_maxTick,g_seed,g_size,p1_id,p1_version,p1_lastTick,p1_score,p2_id,p2_version,p2_lastTick,p2_score,p3_id,p3_version,p3_lastTick,p3_score,p4_id,p4_version,p4_lastTick,p4_score
1637176624,2,900,981,9,1,final_v2@600,574,1186.8399658203125,2,final_v3@600,406,1231.9599609375,3,final_v4@600,406,1183.9599609375,4,local@600,9999,1699
1637176892,9,1000,763,21,1,final_v2@600,1110,1900,2,final_v3@600,703,1433.2320556640625,3,final_v4@600,1111,1954,4,local@600,9999,1986
1637177387,5,850,384,17,1,final_v2@600,923,1824,2,final_v3@600,924,1866,3,final_v4@600,924,1818,4,local@600,924,1872
1637177806,1,600,884,11,1,final_v2@600,9999,1704,2,final_v3@600,631,1720,3,final_v4@600,631,1678,4,local@600,632,1750
1637178086,7,800,928,21,1,final_v2@600,912,2700,2,final_v3@600,912,2788,3,final_v4@600,912,2396,4,local@600,912,2448
1637178560,5,850,344,17,1,final_v2@600,923,1893,2,final_v3@600,924,2007,3,final_v4@600,924,2031,4,local@600,691,1682.0634765625
