{
  "crashes": null,
  "game": {
    "id": 1637476006,
    "level": 7,
    "maxTick": 800,
    "seed": 923,
    "size": 21
  },
  "results": [
    {
      "lastTick": 9999,
      "player": 1,
      "score": 2972.0,
      "version": "local@200"
    },
    {
      "lastTick": 577,
      "player": 2,
      "score": 1497.8599853515625,
      "version": "local@200"
    },
    {
      "lastTick": 577,
      "player": 3,
      "score": 1467.8599853515625,
      "version": "final_v8@200"
    },
    {
      "lastTick": 710,
      "player": 4,
      "score": 2253.800048828125,
      "version": "final_v8@200"
    }
  ]
}