{
  "crashes": null,
  "game": {
    "id": 1637475936,
    "level": 7,
    "maxTick": 800,
    "seed": 793,
    "size": 21
  },
  "results": [
    {
      "lastTick": 530,
      "player": 1,
      "score": 1601.4000244140625,
      "version": "local@200"
    },
    {
      "lastTick": 440,
      "player": 2,
      "score": 1161.199951171875,
      "version": "local@200"
    },
    {
      "lastTick": 9999,
      "player": 3,
      "score": 1768.0,
      "version": "final_v8@200"
    },
    {
      "lastTick": 530,
      "player": 4,
      "score": 1619.4000244140625,
      "version": "final_v8@200"
    }
  ]
}