{
  "crashes": null,
  "game": {
    "id": 1637331953,
    "level": 7,
    "maxTick": 800,
    "seed": 422,
    "size": 21
  },
  "results": [
    {
      "lastTick": 554,
      "player": 1,
      "score": 1887.719970703125,
      "version": "local@150"
    },
    {
      "lastTick": 9999,
      "player": 2,
      "score": 2380.0,
      "version": "local@150"
    },
    {
      "lastTick": 340,
      "player": 3,
      "score": 1265.199951171875,
      "version": "final_v7b@150"
    },
    {
      "lastTick": 319,
      "player": 4,
      "score": 1537.4200439453125,
      "version": "final_v7b@150"
    }
  ]
}