{
  "crashes": null,
  "game": {
    "id": 1637089793,
    "level": 9,
    "maxTick": 1000,
    "seed": 856,
    "size": 21
  },
  "results": [
    {
      "lastTick": 463,
      "player": 1,
      "score": 1049.6719970703125,
      "version": "final_v3@600"
    },
    {
      "lastTick": 463,
      "player": 2,
      "score": 1137.6719970703125,
      "version": "final_v3@600"
    },
    {
      "lastTick": 463,
      "player": 3,
      "score": 1109.6719970703125,
      "version": "final_v3@600"
    },
    {
      "lastTick": 9999,
      "player": 4,
      "score": 1715.0,
      "version": "local@600"
    }
  ]
}