{
  "crashes": null,
  "game": {
    "id": 1637141245,
    "level": 6,
    "maxTick": 900,
    "seed": 737,
    "size": 21
  },
  "results": [
    {
      "lastTick": 343,
      "player": 1,
      "score": 1696.8800048828125,
      "version": "final_v2@600"
    },
    {
      "lastTick": 462,
      "player": 2,
      "score": 1985.9200439453125,
      "version": "final_v3@600"
    },
    {
      "lastTick": 134,
      "player": 3,
      "score": 393.44000244140625,
      "version": "final_v4@600"
    },
    {
      "lastTick": 9999,
      "player": 4,
      "score": 2122.0,
      "version": "local@600"
    }
  ]
}