{
  "crashes": null,
  "game": {
    "id": 1637329193,
    "level": 4,
    "maxTick": 1000,
    "seed": 574,
    "size": 21
  },
  "results": [
    {
      "lastTick": 9999,
      "player": 1,
      "score": 1456.0,
      "version": "local@150"
    },
    {
      "lastTick": 406,
      "player": 2,
      "score": 1128.4639892578125,
      "version": "local@150"
    },
    {
      "lastTick": 406,
      "player": 3,
      "score": 1000.4639892578125,
      "version": "final_v7b@150"
    },
    {
      "lastTick": 406,
      "player": 4,
      "score": 1066.4639892578125,
      "version": "final_v7b@150"
    }
  ]
}