g_id,g_level,g_maxTick,g_seed,g_size,p1_id,p1_version,p1_lastTick,p1_score,p2_id,p2_version,p2_lastTick,p2_score,p3_id,p3_version,p3_lastTick,p3_score,p4_id,p4_version,p4_lastTick,p4_score
1637334065,7,800,838,21,1,local@150,910,2145,2,local@150,9999,3013,3,final_v7b@150,342,1030.56005859375,4,final_v7b@150,342,970.5599975585938
1637334212,7,800,793,21,1,local@150,466,1690.8800048828125,2,local@150,433,1464.93994140625,3,final_v7b@150,466,1544.8800048828125,4,final_v7b@150,466,1484.8800048828125
1637334292,5,850,735,17,1,local@150,510,910.4000244140625,2,local@150,510,790.4000244140625,3,final_v7b@150,380,818.37646484375,4,final_v7b@150,380,806.37646484375
