{
  "crashes": null,
  "game": {
    "id": 1637330581,
    "level": 4,
    "maxTick": 1000,
    "seed": 919,
    "size": 21
  },
  "results": [
    {
      "lastTick": 371,
      "player": 1,
      "score": 1103.4239501953125,
      "version": "local@150"
    },
    {
      "lastTick": 371,
      "player": 2,
      "score": 1171.4239501953125,
      "version": "local@150"
    },
    {
      "lastTick": 642,
      "player": 3,
      "score": 1402.447998046875,
      "version": "final_v7b@150"
    },
    {
      "lastTick": 9999,
      "player": 4,
      "score": 1598.0,
      "version": "final_v7b@150"
    }
  ]
}