g_id,g_level,g_maxTick,g_seed,g_size,p1_id,p1_version,p1_lastTick,p1_score,p2_id,p2_version,p2_lastTick,p2_score,p3_id,p3_version,p3_lastTick,p3_score,p4_id,p4_version,p4_lastTick,p4_score
1637475903,10,800,926,15,1,local@200,404,846.719970703125,2,local@200,404,846.719970703125,3,final_v8@200,503,1296.5400390625,4,final_v8@200,503,1172.5400390625
1637476013,8,1200,856,21,1,local@200,554,624.47998046875,2,local@200,589,928.6799926757812,3,final_v8@200,754,1350.47998046875,4,final_v8@200,754,774.47998046875
