{
  "crashes": null,
  "game": {
    "id": 1637166322,
    "level": 10,
    "maxTick": 800,
    "seed": 934,
    "size": 15
  },
  "results": [
    {
      "lastTick": 688,
      "player": 1,
      "score": 1788.8399658203125,
      "version": "final_v2@600"
    },
    {
      "lastTick": 747,
      "player": 2,
      "score": 1869.4599609375,
      "version": "final_v3@600"
    },
    {
      "lastTick": 609,
      "player": 3,
      "score": 1648.6199951171875,
      "version": "final_v4@600"
    },
    {
      "lastTick": 9999,
      "player": 4,
      "score": 2121.0,
      "version": "local@600"
    }
  ]
}