g_id,g_level,g_maxTick,g_seed,g_size,p1_id,p1_version,p1_lastTick,p1_score,p2_id,p2_version,p2_lastTick,p2_score,p3_id,p3_version,p3_lastTick,p3_score,p4_id,p4_version,p4_lastTick,p4_score
1637255146,2,900,673,9,1,final_v4@600,704,1649.6400146484375,2,final_v5@600,9999,2369,3,final_v6@600,920,1749,4,local@600,839,1663.239990234375
1637255573,7,800,809,21,1,final_v4@600,912,2526,2,final_v5@600,912,2662,3,final_v6@600,912,2836,4,local@600,912,3112
1637256035,2,900,114,9,1,final_v4@600,236,428.760009765625,2,final_v5@600,922,2131,3,final_v6@600,475,871,4,local@600,922,1795
1637256457,4,1000,319,21,1,final_v4@600,588,1708.6719970703125,2,final_v5@600,1112,2242,3,final_v6@600,1111,2418,4,local@600,1112,2224
1637256999,4,1000,950,21,1,final_v4@600,1110,2384,2,final_v5@600,9999,2332,3,final_v6@600,1111,2628,4,local@600,1111,2596
