g_id,g_level,g_maxTick,g_seed,g_size,p1_id,p1_version,p1_lastTick,p1_score,p2_id,p2_version,p2_lastTick,p2_score,p3_id,p3_version,p3_lastTick,p3_score,p4_id,p4_version,p4_lastTick,p4_score
1637102079,7,800,829,21,1,final_v2@600,911,1813,2,final_v3@600,912,2391,3,final_v4@600,912,2445,4,local@600,912,2783
1637102560,7,800,919,21,1,final_v2@600,911,2101,2,final_v3@600,912,3073,3,final_v4@600,912,2547,4,local@600,912,2455
1637103022,5,850,457,17,1,final_v2@600,924,2280,2,final_v3@600,924,2172,3,final_v4@600,924,2184,4,local@600,924,2100
1637103446,9,1000,105,21,1,final_v2@600,1112,2595,2,final_v3@600,1112,2607,3,final_v4@600,1112,2589,4,local@600,1112,2577
1637103963,4,1000,700,21,1,final_v2@600,234,817.6959838867188,2,final_v3@600,1112,2508,3,final_v4@600,292,1180.0479736328125,4,local@600,1112,2482
1637104475,6,900,841,21,1,final_v2@600,1011,2875,2,final_v3@600,1012,2833,3,final_v4@600,1012,2893,4,local@600,1012,3015
