{
  "crashes": null,
  "game": {
    "id": 1637332140,
    "level": 3,
    "maxTick": 1000,
    "seed": 529,
    "size": 19
  },
  "results": [
    {
      "lastTick": 599,
      "player": 1,
      "score": 1342.2559814453125,
      "version": "local@150"
    },
    {
      "lastTick": 599,
      "player": 2,
      "score": 1472.2559814453125,
      "version": "local@150"
    },
    {
      "lastTick": 695,
      "player": 3,
      "score": 1472.0799560546875,
      "version": "final_v7b@150"
    },
    {
      "lastTick": 695,
      "player": 4,
      "score": 1450.0799560546875,
      "version": "final_v7b@150"
    }
  ]
}