g_id,g_level,g_maxTick,g_seed,g_size,p1_id,p1_version,p1_lastTick,p1_score,p2_id,p2_version,p2_lastTick,p2_score,p3_id,p3_version,p3_lastTick,p3_score,p4_id,p4_version,p4_lastTick,p4_score
1637020508,7,800,8,21,1,final_v2b@600,376,1113.6800537109375,2,final_v2@600,376,1605.6800537109375,3,final_v1@600,376,1701.6800537109375,4,local@600,9999,2442
1637020740,8,1200,923,21,1,final_v2b@600,1311,2614,2,final_v2@600,1312,2770,3,final_v1@600,1312,2856,4,local@600,1311,2752
1637021315,7,800,418,21,1,final_v2b@600,912,1922,2,final_v2@600,910,2458,3,final_v1@600,912,2910,4,local@600,912,2762
1637021796,3,1000,512,19,1,final_v2b@600,1093,2319,2,final_v2@600,1092,2151,3,final_v1@600,1093,2407,4,local@600,1093,2399
1637022337,7,800,655,21,1,final_v2b@600,912,2427,2,final_v2@600,912,3271,3,final_v1@600,243,1168.739990234375,4,local@600,912,3257
1637022812,2,900,36,9,1,final_v2b@600,568,1607.8800048828125,2,final_v2@600,466,1551.56005859375,3,final_v1@600,466,1345.56005859375,4,local@600,9999,1819
