{
  "crashes": null,
  "game": {
    "id": 1637475876,
    "level": 7,
    "maxTick": 800,
    "seed": 142,
    "size": 21
  },
  "results": [
    {
      "lastTick": 360,
      "player": 1,
      "score": 1152.800048828125,
      "version": "local@200"
    },
    {
      "lastTick": 458,
      "player": 2,
      "score": 1814.43994140625,
      "version": "local@200"
    },
    {
      "lastTick": 402,
      "player": 3,
      "score": 1236.3599853515625,
      "version": "final_v8@200"
    },
    {
      "lastTick": 9999,
      "player": 4,
      "score": 1792.0,
      "version": "final_v8@200"
    }
  ]
}