g_id,g_level,g_maxTick,g_seed,g_size,p1_id,p1_version,p1_lastTick,p1_score,p2_id,p2_version,p2_lastTick,p2_score,p3_id,p3_version,p3_lastTick,p3_score,p4_id,p4_version,p4_lastTick,p4_score
1637250741,4,1000,326,21,1,final_v4@600,747,2059.56787109375,2,final_v5@600,1112,2180,3,final_v6@600,1112,2320,4,local@600,1112,2264
1637251272,10,800,427,15,1,final_v4@600,858,2028,2,final_v5@600,859,2022,3,final_v6@600,859,1956,4,local@600,859,1962
1637251666,5,850,116,17,1,final_v4@600,344,558.2776489257812,2,final_v5@600,924,1690,3,final_v6@600,517,843.5858764648438,4,local@600,924,1786
1637252074,10,800,142,15,1,final_v4@600,598,1511.6400146484375,2,final_v5@600,857,2002,3,final_v6@600,857,2086,4,local@600,857,2176
1637252499,8,1200,886,21,1,final_v4@600,420,794.4000244140625,2,final_v5@600,1312,2252,3,final_v6@600,1312,2114,4,local@600,1312,2186
