{
  "crashes": null,
  "game": {
    "id": 1637330735,
    "level": 7,
    "maxTick": 800,
    "seed": 281,
    "size": 21
  },
  "results": [
    {
      "lastTick": 9999,
      "player": 1,
      "score": 1150.0,
      "version": "local@150"
    },
    {
      "lastTick": 198,
      "player": 2,
      "score": 953.6400146484375,
      "version": "local@150"
    },
    {
      "lastTick": 186,
      "player": 3,
      "score": 717.47998046875,
      "version": "final_v7b@150"
    },
    {
      "lastTick": 198,
      "player": 4,
      "score": 815.6400146484375,
      "version": "final_v7b@150"
    }
  ]
}