g_id,g_level,g_maxTick,g_seed,g_size,p1_id,p1_version,p1_lastTick,p1_score,p2_id,p2_version,p2_lastTick,p2_score,p3_id,p3_version,p3_lastTick,p3_score,p4_id,p4_version,p4_lastTick,p4_score
1637153204,4,1000,326,21,1,final_v2@600,261,915.583984375,2,final_v3@600,9999,1796,3,final_v4@600,242,870.8480224609375,4,local@600,582,1829.8079833984375
1637153526,10,800,427,15,1,final_v2@600,859,2501,2,final_v3@600,859,2387,3,final_v4@600,859,2471,4,local@600,859,2581
1637153934,5,850,116,17,1,final_v2@600,924,1899,2,final_v3@600,924,1693,3,final_v4@600,924,1757,4,local@600,419,897.9835205078125
1637154359,10,800,142,15,1,final_v2@600,859,2387,2,final_v3@600,859,2375,3,final_v4@600,859,2399,4,local@600,859,2635
1637154770,8,1200,886,21,1,final_v2@600,1312,2538,2,final_v3@600,1312,2538,3,final_v4@600,1312,2598,4,local@600,1312,2454
