{
  "crashes": null,
  "game": {
    "id": 1637330520,
    "level": 9,
    "maxTick": 1000,
    "seed": 829,
    "size": 21
  },
  "results": [
    {
      "lastTick": 369,
      "player": 1,
      "score": 1003.135986328125,
      "version": "local@150"
    },
    {
      "lastTick": 196,
      "player": 2,
      "score": 428.2239990234375,
      "version": "local@150"
    },
    {
      "lastTick": 369,
      "player": 3,
      "score": 745.135986328125,
      "version": "final_v7b@150"
    },
    {
      "lastTick": 254,
      "player": 4,
      "score": 618.5759887695313,
      "version": "final_v7b@150"
    }
  ]
}