g_id,g_level,g_maxTick,g_seed,g_size,p1_id,p1_version,p1_lastTick,p1_score,p2_id,p2_version,p2_lastTick,p2_score,p3_id,p3_version,p3_lastTick,p3_score,p4_id,p4_version,p4_lastTick,p4_score
1637246125,9,1000,840,21,1,final_v3@600,414,811.6160278320312,2,final_v4@600,628,1360.4320068359375,3,final_v5@600,477,1038.68798828125,4,local@600,9999,1416
1637246439,4,1000,311,21,1,final_v3@600,690,2058.360107421875,2,final_v4@600,306,981.0640258789062,3,final_v5@600,1111,2339,4,local@600,9999,2253
1637246973,2,900,647,9,1,final_v3@600,336,973.760009765625,2,final_v4@600,367,984.719970703125,3,final_v5@600,9999,2246,4,local@600,920,2256
1637247413,8,1200,172,21,1,final_v3@600,1312,2828,2,final_v4@600,1312,2840,3,final_v5@600,285,428.20001220703125,4,local@600,1312,3218
1637247991,5,850,539,17,1,final_v3@600,923,1984,2,final_v4@600,923,1950,3,final_v5@600,924,2092,4,local@600,924,2050
1637248418,4,1000,839,21,1,final_v3@600,1110,2795,2,final_v4@600,383,1000.1519775390625,3,final_v5@600,1112,2431,4,local@600,1112,2721
