{
  "crashes": null,
  "game": {
    "id": 1637333265,
    "level": 4,
    "maxTick": 1000,
    "seed": 926,
    "size": 21
  },
  "results": [
    {
      "lastTick": 894,
      "player": 1,
      "score": 2027.7359619140625,
      "version": "local@150"
    },
    {
      "lastTick": 732,
      "player": 2,
      "score": 1736.407958984375,
      "version": "local@150"
    },
    {
      "lastTick": 894,
      "player": 3,
      "score": 1979.7359619140625,
      "version": "final_v7b@150"
    },
    {
      "lastTick": 732,
      "player": 4,
      "score": 1688.407958984375,
      "version": "final_v7b@150"
    }
  ]
}