{
  "crashes": null,
  "game": {
    "id": 1637326941,
    "level": 3,
    "maxTick": 1000,
    "seed": 297,
    "size": 19
  },
  "results": [
    {
      "lastTick": 9999,
      "player": 1,
      "score": 1443.0,
      "version": "local@150"
    },
    {
      "lastTick": 589,
      "player": 2,
      "score": 1413.8160400390625,
      "version": "local@150"
    },
    {
      "lastTick": 513,
      "player": 3,
      "score": 1282.8719482421875,
      "version": "final_v7b@150"
    },
    {
      "lastTick": 513,
      "player": 4,
      "score": 1144.8719482421875,
      "version": "final_v7b@150"
    }
  ]
}