g_id,g_level,g_maxTick,g_seed,g_size,p1_id,p1_version,p1_lastTick,p1_score,p2_id,p2_version,p2_lastTick,p2_score,p3_id,p3_version,p3_lastTick,p3_score,p4_id,p4_version,p4_lastTick,p4_score
1637255183,3,1000,973,19,1,final_v4@600,1092,2178,2,final_v5@600,1093,2174,3,final_v6@600,1093,2194,4,local@600,1093,2426
1637255678,4,1000,429,21,1,final_v4@600,957,2019.8079833984375,2,final_v5@600,1112,2522,3,final_v6@600,1112,2202,4,local@600,1112,2166
1637256217,8,1200,574,21,1,final_v4@600,1311,2492,2,final_v5@600,1312,2444,3,final_v6@600,1312,2616,4,local@600,1312,2648
1637256796,8,1200,79,21,1,final_v4@600,724,1550.8800048828125,2,final_v5@600,1312,2492,3,final_v6@600,1312,2618,4,local@600,1311,2530
1637257375,6,900,737,21,1,final_v4@600,498,1387.6800537109375,2,final_v5@600,553,1876.47998046875,3,final_v6@600,9999,2766,4,local@600,1011,2634
1637257856,9,1000,326,21,1,final_v4@600,720,1401.6800537109375,2,final_v5@600,1112,2160,3,final_v6@600,1112,2278,4,local@600,1112,2260
