{
  "crashes": null,
  "game": {
    "id": 1637330664,
    "level": 4,
    "maxTick": 1000,
    "seed": 512,
    "size": 21
  },
  "results": [
    {
      "lastTick": 616,
      "player": 1,
      "score": 1858.7039794921875,
      "version": "local@150"
    },
    {
      "lastTick": 616,
      "player": 2,
      "score": 1726.7039794921875,
      "version": "local@150"
    },
    {
      "lastTick": 310,
      "player": 3,
      "score": 860.6400146484375,
      "version": "final_v7b@150"
    },
    {
      "lastTick": 404,
      "player": 4,
      "score": 1126.176025390625,
      "version": "final_v7b@150"
    }
  ]
}