{
  "crashes": null,
  "game": {
    "id": 1637332016,
    "level": 10,
    "maxTick": 800,
    "seed": 79,
    "size": 15
  },
  "results": [
    {
      "lastTick": 410,
      "player": 1,
      "score": 731.7999877929688,
      "version": "local@150"
    },
    {
      "lastTick": 410,
      "player": 2,
      "score": 637.7999877929688,
      "version": "local@150"
    },
    {
      "lastTick": 517,
      "player": 3,
      "score": 847.0599975585938,
      "version": "final_v7b@150"
    },
    {
      "lastTick": 517,
      "player": 4,
      "score": 789.0599975585938,
      "version": "final_v7b@150"
    }
  ]
}