{
  "crashes": null,
  "game": {
    "id": 1637330629,
    "level": 9,
    "maxTick": 1000,
    "seed": 567,
    "size": 21
  },
  "results": [
    {
      "lastTick": 275,
      "player": 1,
      "score": 667.5999755859375,
      "version": "local@150"
    },
    {
      "lastTick": 275,
      "player": 2,
      "score": 607.5999755859375,
      "version": "local@150"
    },
    {
      "lastTick": 305,
      "player": 3,
      "score": 761.9199829101563,
      "version": "final_v7b@150"
    },
    {
      "lastTick": 305,
      "player": 4,
      "score": 733.9199829101563,
      "version": "final_v7b@150"
    }
  ]
}