g_id,g_level,g_maxTick,g_seed,g_size,p1_id,p1_version,p1_lastTick,p1_score,p2_id,p2_version,p2_lastTick,p2_score,p3_id,p3_version,p3_lastTick,p3_score,p4_id,p4_version,p4_lastTick,p4_score
1637330512,7,800,142,21,1,local@150,361,1391.97998046875,2,local@150,9999,1519,3,final_v7b@150,289,973.02001953125,4,final_v7b@150,358,1349.43994140625
1637330573,8,1200,886,21,1,local@150,9999,1502,2,local@150,1025,1673,3,final_v7b@150,426,505.1199951171875,4,final_v7b@150,426,529.1199951171875
1637330735,7,800,281,21,1,local@150,9999,1150,2,local@150,198,953.6400146484375,3,final_v7b@150,186,717.47998046875,4,final_v7b@150,198,815.6400146484375
