{
  "crashes": null,
  "game": {
    "id": 1637326939,
    "level": 6,
    "maxTick": 900,
    "seed": 841,
    "size": 21
  },
  "results": [
    {
      "lastTick": 643,
      "player": 1,
      "score": 1822.8800048828125,
      "version": "local@150"
    },
    {
      "lastTick": 9999,
      "player": 2,
      "score": 2310.0,
      "version": "local@150"
    },
    {
      "lastTick": 229,
      "player": 3,
      "score": 726.6400146484375,
      "version": "final_v7b@150"
    },
    {
      "lastTick": 229,
      "player": 4,
      "score": 576.6400146484375,
      "version": "final_v7b@150"
    }
  ]
}