{
  "crashes": null,
  "game": {
    "id": 1637331947,
    "level": 1,
    "maxTick": 600,
    "seed": 981,
    "size": 11
  },
  "results": [
    {
      "lastTick": 9999,
      "player": 1,
      "score": 1302.0,
      "version": "local@150"
    },
    {
      "lastTick": 485,
      "player": 2,
      "score": 1090.4000244140625,
      "version": "local@150"
    },
    {
      "lastTick": 485,
      "player": 3,
      "score": 1132.4000244140625,
      "version": "final_v7b@150"
    },
    {
      "lastTick": 485,
      "player": 4,
      "score": 1096.4000244140625,
      "version": "final_v7b@150"
    }
  ]
}