g_id,g_level,g_maxTick,g_seed,g_size,p1_id,p1_version,p1_lastTick,p1_score,p2_id,p2_version,p2_lastTick,p2_score,p3_id,p3_version,p3_lastTick,p3_score,p4_id,p4_version,p4_lastTick,p4_score
1637166313,5,850,70,17,1,final_v2@600,436,970.863525390625,2,final_v3@600,924,1851,3,final_v4@600,389,796.9011840820312,4,local@600,924,1505
1637166728,6,900,278,21,1,final_v2@600,1011,3148,2,final_v3@600,9999,3364,3,final_v4@600,134,393.44000244140625,4,local@600,1011,3124
1637167253,7,800,721,21,1,final_v2@600,912,2690,2,final_v3@600,911,2494,3,final_v4@600,488,1815.8399658203125,4,local@600,912,2704
1637167723,7,800,208,21,1,final_v2@600,910,2547,2,final_v3@600,912,3255,3,final_v4@600,911,3043,4,local@600,912,2995
1637168193,9,1000,231,21,1,final_v2@600,1110,2070,2,final_v3@600,1111,2156,3,final_v4@600,1111,2326,4,local@600,9999,2032
