g_id,g_level,g_maxTick,g_seed,g_size,p1_id,p1_version,p1_lastTick,p1_score,p2_id,p2_version,p2_lastTick,p2_score,p3_id,p3_version,p3_lastTick,p3_score,p4_id,p4_version,p4_lastTick,p4_score
1637045040,5,850,70,17,1,final_v3@600,924,2716,2,final_v3@600,924,2704,3,final_v3@600,924,2776,4,local@600,924,2760
1637045465,6,900,278,21,1,final_v3@600,1012,3029,2,final_v3@600,1012,3019,3,final_v3@600,1012,3443,4,local@600,1012,3097
1637045968,7,800,721,21,1,final_v3@600,9999,1608,2,final_v3@600,391,1726.3800048828125,3,final_v3@600,391,1756.3800048828125,4,local@600,391,1720.3800048828125
1637046208,7,800,208,21,1,final_v3@600,912,2681,2,final_v3@600,912,3057,3,final_v3@600,912,3005,4,local@600,912,2969
1637046682,9,1000,231,21,1,final_v3@600,1112,2745,2,final_v3@600,1112,2721,3,final_v3@600,1112,2889,4,local@600,1112,2733
