g_id,g_level,g_maxTick,g_seed,g_size,p1_id,p1_version,p1_lastTick,p1_score,p2_id,p2_version,p2_lastTick,p2_score,p3_id,p3_version,p3_lastTick,p3_score,p4_id,p4_version,p4_lastTick,p4_score
1637020444,1,600,810,11,1,final_v2b@600,633,1216,2,final_v2@600,633,1272,3,final_v1@600,633,1306,4,local@600,633,1190
1637020722,9,1000,609,21,1,final_v2b@600,295,764.47998046875,2,final_v2@600,373,809.7119750976562,3,final_v1@600,295,728.47998046875,4,local@600,9999,1440
1637020963,2,900,52,9,1,final_v2b@600,331,553.9600219726562,2,final_v2@600,921,2605,3,final_v1@600,921,2421,4,local@600,920,2425
1637021450,9,1000,94,21,1,final_v2b@600,1112,2594,2,final_v2@600,1112,2472,3,final_v1@600,1111,2438,4,local@600,1112,2496
1637021961,2,900,393,9,1,final_v2b@600,373,875.6799926757812,2,final_v2@600,921,2524,3,final_v1@600,922,2474,4,local@600,922,2650
1637022452,5,850,969,17,1,final_v2b@600,924,1691,2,final_v2@600,469,826.4541015625,3,final_v1@600,924,1695,4,local@600,924,1859
