{
  "crashes": null,
  "game": {
    "id": 1637327042,
    "level": 9,
    "maxTick": 1000,
    "seed": 536,
    "size": 21
  },
  "results": [
    {
      "lastTick": 463,
      "player": 1,
      "score": 1162.6719970703125,
      "version": "local@150"
    },
    {
      "lastTick": 463,
      "player": 2,
      "score": 1108.6719970703125,
      "version": "local@150"
    },
    {
      "lastTick": 463,
      "player": 3,
      "score": 1146.6719970703125,
      "version": "final_v7b@150"
    },
    {
      "lastTick": 463,
      "player": 4,
      "score": 1120.6719970703125,
      "version": "final_v7b@150"
    }
  ]
}