{
  "crashes": null,
  "game": {
    "id": 1637326992,
    "level": 2,
    "maxTick": 900,
    "seed": 260,
    "size": 9
  },
  "results": [
    {
      "lastTick": 354,
      "player": 1,
      "score": 866.6400146484375,
      "version": "local@150"
    },
    {
      "lastTick": 354,
      "player": 2,
      "score": 794.6400146484375,
      "version": "local@150"
    },
    {
      "lastTick": 249,
      "player": 3,
      "score": 495.8399963378906,
      "version": "final_v7b@150"
    },
    {
      "lastTick": 249,
      "player": 4,
      "score": 495.8399963378906,
      "version": "final_v7b@150"
    }
  ]
}