{
  "crashes": null,
  "game": {
    "id": 1637015553,
    "level": 8,
    "maxTick": 1200,
    "seed": 172,
    "size": 21
  },
  "results": [
    {
      "lastTick": 226,
      "player": 1,
      "score": 373.1199951171875,
      "version": "final_v2b@600"
    },
    {
      "lastTick": 226,
      "player": 2,
      "score": 361.1199951171875,
      "version": "final_v2@600"
    },
    {
      "lastTick": 427,
      "player": 3,
      "score": 663.239990234375,
      "version": "final_v1@600"
    },
    {
      "lastTick": 9999,
      "player": 4,
      "score": 1228.0,
      "version": "local@600"
    }
  ]
}