g_id,g_level,g_maxTick,g_seed,g_size,p1_id,p1_version,p1_lastTick,p1_score,p2_id,p2_version,p2_lastTick,p2_score,p3_id,p3_version,p3_lastTick,p3_score,p4_id,p4_version,p4_lastTick,p4_score
1637107160,7,800,8,21,1,final_v2@600,912,2875,2,final_v3@600,912,2495,3,final_v4@600,379,1593.219970703125,4,local@600,379,1557.219970703125
1637107621,8,1200,923,21,1,final_v2@600,1305,2588,2,final_v3@600,1312,2480,3,final_v4@600,1312,2542,4,local@600,1312,2534
1637108198,7,800,418,21,1,final_v2@600,912,2310,2,final_v3@600,912,3076,3,final_v4@600,912,2706,4,local@600,912,2480
1637108686,3,1000,512,19,1,final_v2@600,1093,2734,2,final_v3@600,1093,2622,3,final_v4@600,1093,2724,4,local@600,1093,2936
1637109213,7,800,655,21,1,final_v2@600,912,1621,2,final_v3@600,912,2555,3,final_v4@600,910,2689,4,local@600,912,2459
1637109678,2,900,36,9,1,final_v2@600,922,2455,2,final_v3@600,922,2387,3,final_v4@600,922,2509,4,local@600,922,2417
