g_id,g_level,g_maxTick,g_seed,g_size,p1_id,p1_version,p1_lastTick,p1_score,p2_id,p2_version,p2_lastTick,p2_score,p3_id,p3_version,p3_lastTick,p3_score,p4_id,p4_version,p4_lastTick,p4_score
1637089238,7,800,829,21,1,final_v3@600,910,2684,2,final_v3@600,911,2432,3,final_v3@600,911,2480,4,local@600,9999,2616
1637089748,7,800,919,21,1,final_v3@600,912,2098,2,final_v3@600,912,2562,3,final_v3@600,912,2562,4,local@600,910,3218
1637090232,5,850,457,17,1,final_v3@600,924,2044,2,final_v3@600,924,1936,3,final_v3@600,924,2008,4,local@600,924,2184
1637090650,9,1000,105,21,1,final_v3@600,317,867.6480102539062,2,final_v3@600,317,867.6480102539062,3,final_v3@600,317,867.6480102539062,4,local@600,9999,1158
1637090829,4,1000,700,21,1,final_v3@600,1112,3112,2,final_v3@600,1112,3064,3,final_v3@600,1112,3052,4,local@600,1112,3156
1637091404,6,900,841,21,1,final_v3@600,1012,3089,2,final_v3@600,1012,2995,3,final_v3@600,1012,2843,4,local@600,1012,2985
