{
  "crashes": null,
  "game": {
    "id": 1637333272,
    "level": 8,
    "maxTick": 1200,
    "seed": 68,
    "size": 21
  },
  "results": [
    {
      "lastTick": 9999,
      "player": 1,
      "score": 1120.0,
      "version": "local@150"
    },
    {
      "lastTick": 571,
      "player": 2,
      "score": 634.52001953125,
      "version": "local@150"
    },
    {
      "lastTick": 723,
      "player": 3,
      "score": 966.760009765625,
      "version": "final_v7b@150"
    },
    {
      "lastTick": 670,
      "player": 4,
      "score": 882.4000244140625,
      "version": "final_v7b@150"
    }
  ]
}