g_id,g_level,g_maxTick,g_seed,g_size,p1_id,p1_version,p1_lastTick,p1_score,p2_id,p2_version,p2_lastTick,p2_score,p3_id,p3_version,p3_lastTick,p3_score,p4_id,p4_version,p4_lastTick,p4_score
1637139062,9,1000,36,21,1,final_v2@600,1111,2220,2,final_v3@600,1112,2208,3,final_v4@600,1112,2124,4,local@600,1112,2280
1637139555,4,1000,529,21,1,final_v2@600,1112,2218,2,final_v3@600,1112,2552,3,final_v4@600,1112,2570,4,local@600,1112,2304
1637140089,9,1000,429,21,1,final_v2@600,1112,2387,2,final_v3@600,400,904.5999755859375,3,final_v4@600,1112,2419,4,local@600,1112,2299
1637140590,3,1000,422,19,1,final_v2@600,1093,2411,2,final_v3@600,1093,2507,3,final_v4@600,1093,2621,4,local@600,1093,2961
1637141096,6,900,835,21,1,final_v2@600,1012,2578,2,final_v3@600,1012,3208,3,final_v4@600,196,601.3599853515625,4,local@600,1012,2440
