g_id,g_level,g_maxTick,g_seed,g_size,p1_id,p1_version,p1_lastTick,p1_score,p2_id,p2_version,p2_lastTick,p2_score,p3_id,p3_version,p3_lastTick,p3_score,p4_id,p4_version,p4_lastTick,p4_score
1637181542,3,1000,973,19,1,final_v2@600,1091,2157,2,final_v3@600,511,1286.583984375,3,final_v4@600,1091,2393,4,local@600,9999,2649
1637182055,4,1000,429,21,1,final_v2@600,1112,2286,2,final_v3@600,670,1548.47998046875,3,final_v4@600,1112,2380,4,local@600,1112,2458
1637182589,8,1200,574,21,1,final_v2@600,1311,2220,2,final_v3@600,1107,2208.840087890625,3,final_v4@600,1310,2610,4,local@600,9999,2590
1637183150,8,1200,79,21,1,final_v2@600,357,672.8400268554688,2,final_v3@600,603,1122.3599853515625,3,final_v4@600,603,1158.3599853515625,4,local@600,9999,1602
1637183447,6,900,737,21,1,final_v2@600,1011,2210,2,final_v3@600,595,2187.199951171875,3,final_v4@600,595,1675.199951171875,4,local@600,1011,2258
1637183917,9,1000,326,21,1,final_v2@600,759,1435.2960205078125,2,final_v3@600,1112,2118,3,final_v4@600,1112,2086,4,local@600,1112,2522
