g_id,g_level,g_maxTick,g_seed,g_size,p1_id,p1_version,p1_lastTick,p1_score,p2_id,p2_version,p2_lastTick,p2_score,p3_id,p3_version,p3_lastTick,p3_score,p4_id,p4_version,p4_lastTick,p4_score
1637246279,2,900,531,9,1,final_v3@600,553,1330.47998046875,2,final_v4@600,553,1376.47998046875,3,final_v5@600,922,2278,4,local@600,922,1988
1637246698,4,1000,426,21,1,final_v3@600,1111,2785,2,final_v4@600,1111,2469,3,final_v5@600,1112,2419,4,local@600,1112,2723
1637247233,5,850,641,17,1,final_v3@600,663,1382.3199462890625,2,final_v4@600,718,1509.6376953125,3,final_v5@600,9999,1786,4,local@600,923,1892
1637247650,5,850,773,17,1,final_v3@600,924,1872,2,final_v4@600,924,1686,3,final_v5@600,924,1812,4,local@600,924,1890
1637248068,9,1000,933,21,1,final_v3@600,652,1266.887939453125,2,final_v4@600,631,1203.864013671875,3,final_v5@600,1112,2193,4,local@600,1112,2253
1637248553,5,850,673,17,1,final_v3@600,426,998.16943359375,2,final_v4@600,410,745.4588012695312,3,final_v5@600,9999,1826,4,local@600,923,1596
