g_id,g_level,g_maxTick,g_seed,g_size,p1_id,p1_version,p1_lastTick,p1_score,p2_id,p2_version,p2_lastTick,p2_score,p3_id,p3_version,p3_lastTick,p3_score,p4_id,p4_version,p4_lastTick,p4_score
1637129979,9,1000,36,21,1,final_v2@600,1112,2449,2,final_v3@600,1112,2217,3,final_v4@600,1112,2457,4,local@600,1112,2429
1637130490,4,1000,529,21,1,final_v2@600,543,1729.1920166015625,2,final_v3@600,1112,2615,3,final_v4@600,1112,2519,4,local@600,1112,2695
1637131043,9,1000,429,21,1,final_v2@600,1112,2062,2,final_v3@600,1112,2248,3,final_v4@600,1111,2230,4,local@600,1112,2196
1637131539,3,1000,422,19,1,final_v2@600,1093,2418,2,final_v3@600,1093,2540,3,final_v4@600,240,588.5599975585938,4,local@600,1093,2748
1637132055,6,900,835,21,1,final_v2@600,1012,3064,2,final_v3@600,1012,3424,3,final_v4@600,1012,2576,4,local@600,1012,2708
