g_id,g_level,g_maxTick,g_seed,g_size,p1_id,p1_version,p1_lastTick,p1_score,p2_id,p2_version,p2_lastTick,p2_score,p3_id,p3_version,p3_lastTick,p3_score,p4_id,p4_version,p4_lastTick,p4_score
1637326997,7,800,142,21,1,local@150,9999,2008,2,local@150,453,2395.5400390625,3,final_v7b@150,222,605.9600219726562,4,final_v7b@150,342,1013.5599975585938
1637327073,8,1200,886,21,1,local@150,426,501.1199951171875,2,local@150,752,1290.239990234375,3,final_v7b@150,574,818.8800048828125,4,final_v7b@150,752,1194.239990234375
1637327173,7,800,281,21,1,local@150,9999,1560,2,local@150,280,1336.4000244140625,3,final_v7b@150,174,323.32000732421875,4,final_v7b@150,174,725.3200073242188
