{
  "crashes": null,
  "game": {
    "id": 1637330534,
    "level": 10,
    "maxTick": 800,
    "seed": 105,
    "size": 15
  },
  "results": [
    {
      "lastTick": 230,
      "player": 1,
      "score": 777.4000244140625,
      "version": "local@150"
    },
    {
      "lastTick": 155,
      "player": 2,
      "score": 507.8999938964844,
      "version": "local@150"
    },
    {
      "lastTick": 9999,
      "player": 3,
      "score": 832.0,
      "version": "final_v7b@150"
    },
    {
      "lastTick": 322,
      "player": 4,
      "score": 481.9599914550781,
      "version": "final_v7b@150"
    }
  ]
}