g_id,g_level,g_maxTick,g_seed,g_size,p1_id,p1_version,p1_lastTick,p1_score,p2_id,p2_version,p2_lastTick,p2_score,p3_id,p3_version,p3_lastTick,p3_score,p4_id,p4_version,p4_lastTick,p4_score
1637149119,7,800,517,21,1,final_v2@600,911,2145,2,final_v3@600,911,2733,3,final_v4@600,912,2919,4,local@600,912,2763
1637149596,10,800,168,15,1,final_v2@600,857,1612,2,final_v3@600,339,829.02001953125,3,final_v4@600,339,847.02001953125,4,local@600,9999,1510
1637149987,10,800,583,15,1,final_v2@600,859,2182,2,final_v3@600,859,2016,3,final_v4@600,859,2082,4,local@600,859,2136
1637150374,3,1000,89,19,1,final_v2@600,1093,2556,2,final_v3@600,1093,2662,3,final_v4@600,1093,2788,4,local@600,1093,2746
1637150880,6,900,567,21,1,final_v2@600,1012,2653,2,final_v3@600,1012,2749,3,final_v4@600,1012,2561,4,local@600,511,1554.760009765625
1637151378,9,1000,926,21,1,final_v2@600,1112,2500,2,final_v3@600,1112,2466,3,final_v4@600,1112,2514,4,local@600,1112,2344
