{
  "crashes": null,
  "game": {
    "id": 1637329407,
    "level": 8,
    "maxTick": 1200,
    "seed": 116,
    "size": 21
  },
  "results": [
    {
      "lastTick": 530,
      "player": 1,
      "score": 711.5999755859375,
      "version": "local@150"
    },
    {
      "lastTick": 530,
      "player": 2,
      "score": 783.5999755859375,
      "version": "local@150"
    },
    {
      "lastTick": 508,
      "player": 3,
      "score": 660.9600219726563,
      "version": "final_v7b@150"
    },
    {
      "lastTick": 508,
      "player": 4,
      "score": 660.9600219726563,
      "version": "final_v7b@150"
    }
  ]
}