g_id,g_level,g_maxTick,g_seed,g_size,p1_id,p1_version,p1_lastTick,p1_score,p2_id,p2_version,p2_lastTick,p2_score,p3_id,p3_version,p3_lastTick,p3_score,p4_id,p4_version,p4_lastTick,p4_score
1637093550,2,900,531,9,1,final_v3@600,922,3200,2,final_v3@600,922,3200,3,final_v3@600,922,3254,4,local@600,922,3234
1637093962,4,1000,426,21,1,final_v3@600,1112,3169,2,final_v3@600,303,872.6320190429688,3,final_v3@600,303,872.6320190429688,4,local@600,1112,2889
1637094491,5,850,641,17,1,final_v3@600,924,2394,2,final_v3@600,924,2334,3,final_v3@600,924,2370,4,local@600,924,2310
1637094911,5,850,773,17,1,final_v3@600,924,2682,2,final_v3@600,924,2718,3,final_v3@600,924,2754,4,local@600,924,2694
1637095337,9,1000,933,21,1,final_v3@600,1112,2913,2,final_v3@600,1112,2913,3,final_v3@600,1112,2925,4,local@600,1112,2865
1637095856,5,850,673,17,1,final_v3@600,924,2214,2,final_v3@600,924,2346,3,final_v3@600,924,2382,4,local@600,924,2394
