g_id,g_level,g_maxTick,g_seed,g_size,p1_id,p1_version,p1_lastTick,p1_score,p2_id,p2_version,p2_lastTick,p2_score,p3_id,p3_version,p3_lastTick,p3_score,p4_id,p4_version,p4_lastTick,p4_score
1637331923,8,1200,89,21,1,local@150,9999,982,2,local@150,663,839.5599975585938,3,final_v7b@150,557,726.8400268554688,4,final_v7b@150,556,760.719970703125
1637332032,9,1000,567,21,1,local@150,388,435.87200927734375,2,local@150,692,631.6480102539062,3,final_v7b@150,619,993.135986328125,4,final_v7b@150,9999,1380
1637332145,4,1000,926,21,1,local@150,9999,1950,2,local@150,578,1803.2320556640625,3,final_v7b@150,578,1545.2320556640625,4,final_v7b@150,220,723.6799926757812
