{
  "crashes": null,
  "game": {
    "id": 1637332228,
    "level": 8,
    "maxTick": 1200,
    "seed": 68,
    "size": 21
  },
  "results": [
    {
      "lastTick": 670,
      "player": 1,
      "score": 732.4000244140625,
      "version": "local@150"
    },
    {
      "lastTick": 9999,
      "player": 2,
      "score": 1168.0,
      "version": "local@150"
    },
    {
      "lastTick": 570,
      "player": 3,
      "score": 892.4000244140625,
      "version": "final_v7b@150"
    },
    {
      "lastTick": 419,
      "player": 4,
      "score": 446.2799987792969,
      "version": "final_v7b@150"
    }
  ]
}