{
  "crashes": null,
  "game": {
    "id": 1637178560,
    "level": 5,
    "maxTick": 850,
    "seed": 539,
    "size": 17
  },
  "results": [
    {
      "lastTick": 257,
      "player": 1,
      "score": 646.538818359375,
      "version": "final_v2@600"
    },
    {
      "lastTick": 714,
      "player": 2,
      "score": 1637.9599609375,
      "version": "final_v3@600"
    },
    {
      "lastTick": 714,
      "player": 3,
      "score": 1637.9599609375,
      "version": "final_v4@600"
    },
    {
      "lastTick": 9999,
      "player": 4,
      "score": 1963.0,
      "version": "local@600"
    }
  ]
}