g_id,g_level,g_maxTick,g_seed,g_size,p1_id,p1_version,p1_lastTick,p1_score,p2_id,p2_version,p2_lastTick,p2_score,p3_id,p3_version,p3_lastTick,p3_score,p4_id,p4_version,p4_lastTick,p4_score
1637176618,9,1000,36,21,1,final_v2@600,1111,2256,2,final_v3@600,1111,2126,3,final_v4@600,1111,2096,4,local@600,9999,2602
1637177112,4,1000,529,21,1,final_v2@600,1111,2264,2,final_v3@600,1112,2786,3,final_v4@600,1112,2522,4,local@600,1112,2484
1637177644,9,1000,429,21,1,final_v2@600,1112,2064,2,final_v3@600,1112,2246,3,final_v4@600,1112,2360,4,local@600,1112,2218
1637178140,3,1000,422,19,1,final_v2@600,1092,2374,2,final_v3@600,678,1613.6319580078125,3,final_v4@600,807,1724.2080078125,4,local@600,9999,2506
1637178657,6,900,835,21,1,final_v2@600,1012,2656,2,final_v3@600,1012,3094,3,final_v4@600,196,601.3599853515625,4,local@600,1012,2796
