{
  "crashes": null,
  "game": {
    "id": 1637475881,
    "level": 1,
    "maxTick": 600,
    "seed": 981,
    "size": 11
  },
  "results": [
    {
      "lastTick": 9999,
      "player": 1,
      "score": 1242.0,
      "version": "local@200"
    },
    {
      "lastTick": 487,
      "player": 2,
      "score": 1038.8800048828125,
      "version": "local@200"
    },
    {
      "lastTick": 534,
      "player": 3,
      "score": 1304.1600341796875,
      "version": "final_v8@200"
    },
    {
      "lastTick": 534,
      "player": 4,
      "score": 1180.1600341796875,
      "version": "final_v8@200"
    }
  ]
}