{
  "crashes": null,
  "game": {
    "id": 1637247731,
    "level": 2,
    "maxTick": 900,
    "seed": 393,
    "size": 9
  },
  "results": [
    {
      "lastTick": 202,
      "player": 1,
      "score": 648.3200073242188,
      "version": "final_v3@600"
    },
    {
      "lastTick": 202,
      "player": 2,
      "score": 574.3200073242188,
      "version": "final_v4@600"
    },
    {
      "lastTick": 326,
      "player": 3,
      "score": 1074.1600341796875,
      "version": "final_v5@600"
    },
    {
      "lastTick": 9999,
      "player": 4,
      "score": 1084.0,
      "version": "local@600"
    }
  ]
}