{
  "crashes": null,
  "game": {
    "id": 1637332032,
    "level": 9,
    "maxTick": 1000,
    "seed": 567,
    "size": 21
  },
  "results": [
    {
      "lastTick": 388,
      "player": 1,
      "score": 435.87200927734375,
      "version": "local@150"
    },
    {
      "lastTick": 692,
      "player": 2,
      "score": 631.6480102539063,
      "version": "local@150"
    },
    {
      "lastTick": 619,
      "player": 3,
      "score": 993.135986328125,
      "version": "final_v7b@150"
    },
    {
      "lastTick": 9999,
      "player": 4,
      "score": 1380.0,
      "version": "final_v7b@150"
    }
  ]
}