{
  "crashes": null,
  "game": {
    "id": 1637329423,
    "level": 4,
    "maxTick": 1000,
    "seed": 926,
    "size": 21
  },
  "results": [
    {
      "lastTick": 334,
      "player": 1,
      "score": 1008.0960083007813,
      "version": "local@150"
    },
    {
      "lastTick": 9999,
      "player": 2,
      "score": 2420.0,
      "version": "local@150"
    },
    {
      "lastTick": 961,
      "player": 3,
      "score": 2062.384033203125,
      "version": "final_v7b@150"
    },
    {
      "lastTick": 961,
      "player": 4,
      "score": 2002.384033203125,
      "version": "final_v7b@150"
    }
  ]
}