g_id,g_level,g_maxTick,g_seed,g_size,p1_id,p1_version,p1_lastTick,p1_score,p2_id,p2_version,p2_lastTick,p2_score,p3_id,p3_version,p3_lastTick,p3_score,p4_id,p4_version,p4_lastTick,p4_score
1637129995,7,800,517,21,1,final_v2@600,911,1822,2,final_v3@600,912,2934,3,final_v4@600,912,2504,4,local@600,912,2760
1637130460,10,800,168,15,1,final_v2@600,859,2065,2,final_v3@600,858,1869,3,final_v4@600,858,1911,4,local@600,859,2111
1637130850,10,800,583,15,1,final_v2@600,859,2214,2,final_v3@600,859,2114,3,final_v4@600,859,2288,4,local@600,859,2264
1637131242,3,1000,89,19,1,final_v2@600,1093,2710,2,final_v3@600,1093,2918,3,final_v4@600,1093,2652,4,local@600,1093,2864
1637131762,6,900,567,21,1,final_v2@600,519,1991.0400390625,2,final_v3@600,1012,2650,3,final_v4@600,135,351.6000061035156,4,local@600,1012,2344
1637132270,9,1000,926,21,1,final_v2@600,1112,2210,2,final_v3@600,1112,2014,3,final_v4@600,1112,2154,4,local@600,1112,2154
