g_id,g_level,g_maxTick,g_seed,g_size,p1_id,p1_version,p1_lastTick,p1_score,p2_id,p2_version,p2_lastTick,p2_score,p3_id,p3_version,p3_lastTick,p3_score,p4_id,p4_version,p4_lastTick,p4_score
1637255170,7,800,8,21,1,final_v4@600,911,1965,2,final_v5@600,911,2631,3,final_v6@600,912,3041,4,local@600,912,2759
1637255638,8,1200,923,21,1,final_v4@600,1310,2552,2,final_v5@600,1312,2492,3,final_v6@600,1312,2578,4,local@600,1312,2538
1637256215,7,800,418,21,1,final_v4@600,912,2218,2,final_v5@600,912,2910,3,final_v6@600,912,2942,4,local@600,912,2850
1637256705,3,1000,512,19,1,final_v4@600,1092,2311,2,final_v5@600,1093,2401,3,final_v6@600,1093,2503,4,local@600,1093,2565
1637257225,7,800,655,21,1,final_v4@600,651,1474.1800537109375,2,final_v5@600,912,2583,3,final_v6@600,912,2889,4,local@600,912,2647
1637257684,2,900,36,9,1,final_v4@600,585,1667.5999755859375,2,final_v5@600,9999,2534,3,final_v6@600,920,2252,4,local@600,920,2304
