g_id,g_level,g_maxTick,g_seed,g_size,p1_id,p1_version,p1_lastTick,p1_score,p2_id,p2_version,p2_lastTick,p2_score,p3_id,p3_version,p3_lastTick,p3_score,p4_id,p4_version,p4_lastTick,p4_score
1637255124,4,1000,326,21,1,final_v4@600,757,2351.008056640625,2,final_v5@600,1112,2434,3,final_v6@600,326,996.9439697265625,4,local@600,1112,2398
1637255660,10,800,427,15,1,final_v4@600,859,1610,2,final_v5@600,431,1007.5800170898438,3,final_v6@600,431,1113.5799560546875,4,local@600,859,1620
1637256048,5,850,116,17,1,final_v4@600,344,558.2776489257812,2,final_v5@600,924,1690,3,final_v6@600,517,843.5858764648438,4,local@600,924,1786
1637256455,10,800,142,15,1,final_v4@600,585,1435.300048828125,2,final_v5@600,857,1962,3,final_v6@600,857,2080,4,local@600,857,2092
1637256881,8,1200,886,21,1,final_v4@600,420,794.4000244140625,2,final_v5@600,1312,2252,3,final_v6@600,1312,2114,4,local@600,1312,2186
