g_id,g_level,g_maxTick,g_seed,g_size,p1_id,p1_version,p1_lastTick,p1_score,p2_id,p2_version,p2_lastTick,p2_score,p3_id,p3_version,p3_lastTick,p3_score,p4_id,p4_version,p4_lastTick,p4_score
1636951666,7,800,829,21,1,final_v2@600,912,2358,2,final_v1@600,319,1317.4200439453125,3,final_v1@600,319,1317.4200439453125,4,final_v1@600,912,3618
1636952163,7,800,919,21,1,final_v2@600,912,2515,2,final_v1@600,912,2729,3,final_v1@600,912,2741,4,final_v1@600,912,3607
1636952678,5,850,457,17,1,final_v2@600,924,2676,2,final_v1@600,924,2692,3,final_v1@600,924,2686,4,final_v1@600,924,2650
1636953107,9,1000,105,21,1,final_v2@600,1112,2790,2,final_v1@600,1112,2706,3,final_v1@600,1112,2748,4,final_v1@600,1112,2724
1636953626,4,1000,700,21,1,final_v2@600,1112,3351,2,final_v1@600,1112,3283,3,final_v1@600,1112,3337,4,final_v1@600,1112,3277
1636954205,6,900,841,21,1,final_v2@600,1012,3039,2,final_v1@600,1012,2889,3,final_v1@600,1012,3267,4,final_v1@600,1012,3597
