{
  "crashes": null,
  "game": {
    "id": 1637333156,
    "level": 4,
    "maxTick": 1000,
    "seed": 512,
    "size": 21
  },
  "results": [
    {
      "lastTick": 467,
      "player": 1,
      "score": 1227.248046875,
      "version": "local@150"
    },
    {
      "lastTick": 773,
      "player": 2,
      "score": 1629.31201171875,
      "version": "local@150"
    },
    {
      "lastTick": 427,
      "player": 3,
      "score": 1113.488037109375,
      "version": "final_v7b@150"
    },
    {
      "lastTick": 9999,
      "player": 4,
      "score": 2054.0,
      "version": "final_v7b@150"
    }
  ]
}