g_id,g_level,g_maxTick,g_seed,g_size,p1_id,p1_version,p1_lastTick,p1_score,p2_id,p2_version,p2_lastTick,p2_score,p3_id,p3_version,p3_lastTick,p3_score,p4_id,p4_version,p4_lastTick,p4_score
1637176638,7,800,8,21,1,final_v2@600,911,2004,2,final_v3@600,912,2820,3,final_v4@600,327,1540.8599853515625,4,local@600,912,3070
1637177102,8,1200,923,21,1,final_v2@600,1305,2700,2,final_v3@600,1312,2560,3,final_v4@600,1312,2518,4,local@600,1312,2398
1637177678,7,800,418,21,1,final_v2@600,912,2349,2,final_v3@600,912,2735,3,final_v4@600,912,2983,4,local@600,912,2709
1637178158,3,1000,512,19,1,final_v2@600,299,778.0560302734375,2,final_v3@600,1092,2273,3,final_v4@600,1092,2247,4,local@600,9999,2289
1637178683,7,800,655,21,1,final_v2@600,911,1774,2,final_v3@600,912,2488,3,final_v4@600,912,2748,4,local@600,912,2554
1637179137,2,900,36,9,1,final_v2@600,347,1047.52001953125,2,final_v3@600,782,1797.1199951171875,3,final_v4@600,391,1116.56005859375,4,local@600,9999,2122
