{
  "crashes": null,
  "game": {
    "id": 1637333197,
    "level": 9,
    "maxTick": 1000,
    "seed": 583,
    "size": 21
  },
  "results": [
    {
      "lastTick": 9999,
      "player": 1,
      "score": 1192.0,
      "version": "local@150"
    },
    {
      "lastTick": 603,
      "player": 2,
      "score": 1002.83203125,
      "version": "local@150"
    },
    {
      "lastTick": 391,
      "player": 3,
      "score": 824.3040161132813,
      "version": "final_v7b@150"
    },
    {
      "lastTick": 391,
      "player": 4,
      "score": 780.3040161132813,
      "version": "final_v7b@150"
    }
  ]
}