g_id,g_level,g_maxTick,g_seed,g_size,p1_id,p1_version,p1_lastTick,p1_score,p2_id,p2_version,p2_lastTick,p2_score,p3_id,p3_version,p3_lastTick,p3_score,p4_id,p4_version,p4_lastTick,p4_score
1637161489,1,600,388,11,1,final_v2@600,633,1457,2,final_v3@600,633,1217,3,final_v4@600,633,1265,4,local@600,633,1345
1637161768,7,800,103,21,1,final_v2@600,357,1183.260009765625,2,final_v3@600,378,1843.0400390625,3,final_v4@600,494,2089.919921875,4,local@600,9999,2483
1637162073,1,600,671,11,1,final_v2@600,633,1497,2,final_v3@600,633,1529,3,final_v4@600,633,1583,4,local@600,633,1575
1637162350,3,1000,347,19,1,final_v2@600,1093,2433,2,final_v3@600,1093,2323,3,final_v4@600,1093,2481,4,local@600,1093,2351
1637162872,7,800,464,21,1,final_v2@600,912,2314,2,final_v3@600,912,3346,3,final_v4@600,911,2866,4,local@600,359,1778.6199951171875
