{
  "crashes": null,
  "game": {
    "id": 1637330527,
    "level": 5,
    "maxTick": 850,
    "seed": 326,
    "size": 17
  },
  "results": [
    {
      "lastTick": 135,
      "player": 1,
      "score": 306.8705749511719,
      "version": "local@150"
    },
    {
      "lastTick": 135,
      "player": 2,
      "score": 354.8705749511719,
      "version": "local@150"
    },
    {
      "lastTick": 745,
      "player": 3,
      "score": 1254.2117919921875,
      "version": "final_v7b@150"
    },
    {
      "lastTick": 9999,
      "player": 4,
      "score": 1568.0,
      "version": "final_v7b@150"
    }
  ]
}