{
  "crashes": null,
  "game": {
    "id": 1637333128,
    "level": 8,
    "maxTick": 1200,
    "seed": 886,
    "size": 21
  },
  "results": [
    {
      "lastTick": 471,
      "player": 1,
      "score": 714.52001953125,
      "version": "local@150"
    },
    {
      "lastTick": 9999,
      "player": 2,
      "score": 1212.0,
      "version": "local@150"
    },
    {
      "lastTick": 419,
      "player": 3,
      "score": 582.280029296875,
      "version": "final_v7b@150"
    },
    {
      "lastTick": 419,
      "player": 4,
      "score": 624.280029296875,
      "version": "final_v7b@150"
    }
  ]
}