g_id,g_level,g_maxTick,g_seed,g_size,p1_id,p1_version,p1_lastTick,p1_score,p2_id,p2_version,p2_lastTick,p2_score,p3_id,p3_version,p3_lastTick,p3_score,p4_id,p4_version,p4_lastTick,p4_score
1637333067,9,1000,418,21,1,local@150,404,770.176025390625,2,local@150,404,808.176025390625,3,final_v7b@150,609,1147.696044921875,4,final_v7b@150,609,1141.696044921875
1637333156,4,1000,512,21,1,local@150,467,1227.248046875,2,local@150,773,1629.31201171875,3,final_v7b@150,427,1113.488037109375,4,final_v7b@150,9999,2054
