g_id,g_level,g_maxTick,g_seed,g_size,p1_id,p1_version,p1_lastTick,p1_score,p2_id,p2_version,p2_lastTick,p2_score,p3_id,p3_version,p3_lastTick,p3_score,p4_id,p4_version,p4_lastTick,p4_score
1637333061,3,1000,297,19,1,local@150,9999,1368,2,local@150,424,1139.0560302734375,3,final_v7b@150,447,1202.3680419921875,4,final_v7b@150,447,1148.3680419921875
1637333137,4,1000,675,21,1,local@150,819,1884.93603515625,2,local@150,512,1262.72802734375,3,final_v7b@150,819,2138.93603515625,4,final_v7b@150,9999,1871
1637333272,8,1200,68,21,1,local@150,9999,1120,2,local@150,571,634.52001953125,3,final_v7b@150,723,966.760009765625,4,final_v7b@150,670,882.4000244140625
