{
  "crashes": null,
  "game": {
    "id": 1637330617,
    "level": 3,
    "maxTick": 1000,
    "seed": 529,
    "size": 19
  },
  "results": [
    {
      "lastTick": 9999,
      "player": 1,
      "score": 1500.0,
      "version": "local@150"
    },
    {
      "lastTick": 487,
      "player": 2,
      "score": 1126.1280517578125,
      "version": "local@150"
    },
    {
      "lastTick": 347,
      "player": 3,
      "score": 809.968017578125,
      "version": "final_v7b@150"
    },
    {
      "lastTick": 347,
      "player": 4,
      "score": 857.968017578125,
      "version": "final_v7b@150"
    }
  ]
}