{
  "crashes": null,
  "game": {
    "id": 1637333047,
    "level": 10,
    "maxTick": 800,
    "seed": 105,
    "size": 15
  },
  "results": [
    {
      "lastTick": 256,
      "player": 1,
      "score": 871.0800170898438,
      "version": "local@150"
    },
    {
      "lastTick": 719,
      "player": 2,
      "score": 1542.4200439453125,
      "version": "local@150"
    },
    {
      "lastTick": 9999,
      "player": 3,
      "score": 1257.0,
      "version": "final_v7b@150"
    },
    {
      "lastTick": 207,
      "player": 4,
      "score": 306.260009765625,
      "version": "final_v7b@150"
    }
  ]
}