{
  "crashes": null,
  "game": {
    "id": 1637333048,
    "level": 4,
    "maxTick": 1000,
    "seed": 574,
    "size": 21
  },
  "results": [
    {
      "lastTick": 9999,
      "player": 1,
      "score": 1518.0,
      "version": "local@150"
    },
    {
      "lastTick": 367,
      "player": 2,
      "score": 914.8480224609375,
      "version": "local@150"
    },
    {
      "lastTick": 256,
      "player": 3,
      "score": 664.864013671875,
      "version": "final_v7b@150"
    },
    {
      "lastTick": 400,
      "player": 4,
      "score": 1201.5999755859375,
      "version": "final_v7b@150"
    }
  ]
}