g_id,g_level,g_maxTick,g_seed,g_size,p1_id,p1_version,p1_lastTick,p1_score,p2_id,p2_version,p2_lastTick,p2_score,p3_id,p3_version,p3_lastTick,p3_score,p4_id,p4_version,p4_lastTick,p4_score
1637250859,9,1000,36,21,1,final_v4@600,1112,2166,2,final_v5@600,1112,2170,3,final_v6@600,1112,2410,4,local@600,1112,2338
1637251368,4,1000,529,21,1,final_v4@600,721,1865.823974609375,2,final_v5@600,1112,2478,3,final_v6@600,1112,2360,4,local@600,1112,2380
1637251921,9,1000,429,21,1,final_v4@600,781,1546.4639892578125,2,final_v5@600,9999,2302,3,final_v6@600,1111,2086,4,local@600,1111,2134
1637252431,3,1000,422,19,1,final_v4@600,850,1952.4000244140625,2,final_v5@600,1093,2158,3,final_v6@600,681,1582.06396484375,4,local@600,1093,2524
1637252945,6,900,835,21,1,final_v4@600,644,1687.0400390625,2,final_v5@600,1011,2328,3,final_v6@600,1011,2246,4,local@600,1011,2414
