{
  "crashes": null,
  "game": {
    "id": 1637333077,
    "level": 3,
    "maxTick": 1000,
    "seed": 517,
    "size": 19
  },
  "results": [
    {
      "lastTick": 9999,
      "player": 1,
      "score": 1632.0,
      "version": "local@150"
    },
    {
      "lastTick": 494,
      "player": 2,
      "score": 1155.135986328125,
      "version": "local@150"
    },
    {
      "lastTick": 309,
      "player": 3,
      "score": 920.4959716796875,
      "version": "final_v7b@150"
    },
    {
      "lastTick": 309,
      "player": 4,
      "score": 788.4959716796875,
      "version": "final_v7b@150"
    }
  ]
}