{
  "crashes": null,
  "game": {
    "id": 1637334200,
    "level": 5,
    "maxTick": 850,
    "seed": 464,
    "size": 17
  },
  "results": [
    {
      "lastTick": 259,
      "player": 1,
      "score": 289.8776550292969,
      "version": "local@150"
    },
    {
      "lastTick": 9999,
      "player": 2,
      "score": 922.0,
      "version": "local@150"
    },
    {
      "lastTick": 289,
      "player": 3,
      "score": 586.9600219726563,
      "version": "final_v7b@150"
    },
    {
      "lastTick": 250,
      "player": 4,
      "score": 432.3529357910156,
      "version": "final_v7b@150"
    }
  ]
}