g_id,g_level,g_maxTick,g_seed,g_size,p1_id,p1_version,p1_lastTick,p1_score,p2_id,p2_version,p2_lastTick,p2_score,p3_id,p3_version,p3_lastTick,p3_score,p4_id,p4_version,p4_lastTick,p4_score
1637250780,10,800,934,15,1,final_v4@600,621,1487.780029296875,2,final_v5@600,858,1800,3,final_v6@600,858,1874,4,local@600,858,1886
1637251168,7,800,115,21,1,final_v4@600,329,745.219970703125,2,final_v5@600,9999,2492,3,final_v6@600,910,2930,4,local@600,910,3028
1637251631,9,1000,676,21,1,final_v4@600,1111,2526,2,final_v5@600,1112,2634,3,final_v6@600,1112,2682,4,local@600,1112,2634
1637252139,4,1000,706,21,1,final_v4@600,816,1947.5040283203125,2,final_v5@600,9999,2366,3,final_v6@600,1111,2712,4,local@600,1111,2504
1637252672,5,850,158,17,1,final_v4@600,721,1570.1458740234375,2,final_v5@600,9999,1942,3,final_v6@600,923,2184,4,local@600,923,2098
1637253082,8,1200,70,21,1,final_v4@600,732,1118.8399658203125,2,final_v5@600,1312,1993,3,final_v6@600,1311,2157,4,local@600,1312,2131
