{
  "crashes": null,
  "game": {
    "id": 1637333067,
    "level": 9,
    "maxTick": 1000,
    "seed": 418,
    "size": 21
  },
  "results": [
    {
      "lastTick": 404,
      "player": 1,
      "score": 770.176025390625,
      "version": "local@150"
    },
    {
      "lastTick": 404,
      "player": 2,
      "score": 808.176025390625,
      "version": "local@150"
    },
    {
      "lastTick": 609,
      "player": 3,
      "score": 1147.696044921875,
      "version": "final_v7b@150"
    },
    {
      "lastTick": 609,
      "player": 4,
      "score": 1141.696044921875,
      "version": "final_v7b@150"
    }
  ]
}