g_id,g_level,g_maxTick,g_seed,g_size,p1_id,p1_version,p1_lastTick,p1_score,p2_id,p2_version,p2_lastTick,p2_score,p3_id,p3_version,p3_lastTick,p3_score,p4_id,p4_version,p4_lastTick,p4_score
1637475875,2,900,260,9,1,local@200,326,838.1599731445312,2,local@200,326,838.1599731445312,3,final_v8@200,326,694.1599731445312,4,final_v8@200,326,694.1599731445312
1637475947,9,1000,536,21,1,local@200,985,1755.8399658203125,2,local@200,985,1593.8399658203125,3,final_v8@200,985,1737.8399658203125,4,final_v8@200,9999,1758
1637476159,5,850,464,17,1,local@200,375,547.5294189453125,2,local@200,922,1364,3,final_v8@200,922,800,4,final_v8@200,922,692
