g_id,g_level,g_maxTick,g_seed,g_size,p1_id,p1_version,p1_lastTick,p1_score,p2_id,p2_version,p2_lastTick,p2_score,p3_id,p3_version,p3_lastTick,p3_score,p4_id,p4_version,p4_lastTick,p4_score
1637097417,7,800,8,21,1,final_v3@600,912,2390,2,final_v3@600,912,2638,3,final_v3@600,912,2600,4,local@600,912,2756
1637097866,8,1200,923,21,1,final_v3@600,1312,3038,2,final_v3@600,1312,3074,3,final_v3@600,1312,3314,4,local@600,1312,3198
1637098441,7,800,418,21,1,final_v3@600,912,2395,2,final_v3@600,642,2276.56005859375,3,final_v3@600,642,2504.56005859375,4,local@600,912,3139
1637098919,3,1000,512,19,1,final_v3@600,1093,2736,2,final_v3@600,1093,2736,3,final_v3@600,1093,2812,4,local@600,1093,3356
1637099450,7,800,655,21,1,final_v3@600,912,1828,2,final_v3@600,912,2534,3,final_v3@600,911,2696,4,local@600,912,2874
1637099925,2,900,36,9,1,final_v3@600,922,3205,2,final_v3@600,922,3205,3,final_v3@600,922,3259,4,local@600,922,3387
