{
  "crashes": null,
  "game": {
    "id": 1637015025,
    "level": 10,
    "maxTick": 800,
    "seed": 583,
    "size": 15
  },
  "results": [
    {
      "lastTick": 509,
      "player": 1,
      "score": 1720.6199951171875,
      "version": "final_v2b@600"
    },
    {
      "lastTick": 509,
      "player": 2,
      "score": 1588.6199951171875,
      "version": "final_v2@600"
    },
    {
      "lastTick": 509,
      "player": 3,
      "score": 1726.6199951171875,
      "version": "final_v1@600"
    },
    {
      "lastTick": 9999,
      "player": 4,
      "score": 2127.0,
      "version": "local@600"
    }
  ]
}