g_id,g_level,g_maxTick,g_seed,g_size,p1_id,p1_version,p1_lastTick,p1_score,p2_id,p2_version,p2_lastTick,p2_score,p3_id,p3_version,p3_lastTick,p3_score,p4_id,p4_version,p4_lastTick,p4_score
1637089223,5,850,70,17,1,final_v3@600,924,2250,2,final_v3@600,924,2286,3,final_v3@600,924,2322,4,local@600,924,2310
1637089644,6,900,278,21,1,final_v3@600,1012,3225,2,final_v3@600,1012,3213,3,final_v3@600,1012,3313,4,local@600,1012,3497
1637090151,7,800,721,21,1,final_v3@600,9999,2738,2,final_v3@600,911,2986,3,final_v3@600,911,2962,4,local@600,910,3050
1637090615,7,800,208,21,1,final_v3@600,511,1929.97998046875,2,final_v3@600,394,1864.9200439453125,3,final_v3@600,394,1812.9200439453125,4,local@600,9999,2758
1637090931,9,1000,231,21,1,final_v3@600,1112,2731,2,final_v3@600,1112,2683,3,final_v3@600,1112,2701,4,local@600,1112,2589
