g_id,g_level,g_maxTick,g_seed,g_size,p1_id,p1_version,p1_lastTick,p1_score,p2_id,p2_version,p2_lastTick,p2_score,p3_id,p3_version,p3_lastTick,p3_score,p4_id,p4_version,p4_lastTick,p4_score
1637326981,3,1000,517,19,1,local@150,952,2071.087890625,2,local@150,952,1813.0880126953125,3,final_v7b@150,279,748.176025390625,4,final_v7b@150,9999,1974
1637327108,6,900,168,21,1,local@150,9999,1110,2,local@150,202,860.3200073242188,3,final_v7b@150,202,782.3200073242188,4,final_v7b@150,202,776.3200073242188
1637327144,9,1000,583,21,1,local@150,626,944.1439819335938,2,local@150,626,1080.14404296875,3,final_v7b@150,600,988.4000244140625,4,final_v7b@150,600,972.4000244140625
