g_id,g_level,g_maxTick,g_seed,g_size,p1_id,p1_version,p1_lastTick,p1_score,p2_id,p2_version,p2_lastTick,p2_score,p3_id,p3_version,p3_lastTick,p3_score,p4_id,p4_version,p4_lastTick,p4_score
1637181521,7,800,829,21,1,final_v2@600,548,1515.6400146484375,2,final_v3@600,912,2653,3,final_v4@600,414,2127.52001953125,4,local@600,912,2965
1637181976,7,800,919,21,1,final_v2@600,911,2126,2,final_v3@600,910,2862,3,final_v4@600,499,2033.8199462890625,4,local@600,9999,2868
1637182446,5,850,457,17,1,final_v2@600,924,2026,2,final_v3@600,414,864.136474609375,3,final_v4@600,924,1954,4,local@600,924,2150
1637182864,9,1000,105,21,1,final_v2@600,275,647.5999755859375,2,final_v3@600,275,699.5999755859375,3,final_v4@600,1112,1826,4,local@600,1112,1574
1637183351,4,1000,700,21,1,final_v2@600,1112,2533,2,final_v3@600,440,1250.3599853515625,3,final_v4@600,1112,2337,4,local@600,1112,2891
1637183879,6,900,841,21,1,final_v2@600,1012,2870,2,final_v3@600,1011,2570,3,final_v4@600,135,351.6000061035156,4,local@600,1012,3330
