{
  "crashes": null,
  "game": {
    "id": 1637330678,
    "level": 6,
    "maxTick": 900,
    "seed": 457,
    "size": 21
  },
  "results": [
    {
      "lastTick": 498,
      "player": 1,
      "score": 1441.6800537109375,
      "version": "local@150"
    },
    {
      "lastTick": 184,
      "player": 2,
      "score": 483.44000244140625,
      "version": "local@150"
    },
    {
      "lastTick": 9999,
      "player": 3,
      "score": 1964.0,
      "version": "final_v7b@150"
    },
    {
      "lastTick": 391,
      "player": 4,
      "score": 1730.56005859375,
      "version": "final_v7b@150"
    }
  ]
}