{
  "crashes": null,
  "game": {
    "id": 1637330532,
    "level": 9,
    "maxTick": 1000,
    "seed": 536,
    "size": 21
  },
  "results": [
    {
      "lastTick": 899,
      "player": 1,
      "score": 1581.4560546875,
      "version": "local@150"
    },
    {
      "lastTick": 899,
      "player": 2,
      "score": 1541.4560546875,
      "version": "local@150"
    },
    {
      "lastTick": 9999,
      "player": 3,
      "score": 1782.0,
      "version": "final_v7b@150"
    },
    {
      "lastTick": 948,
      "player": 4,
      "score": 1750.511962890625,
      "version": "final_v7b@150"
    }
  ]
}