g_id,g_level,g_maxTick,g_seed,g_size,p1_id,p1_version,p1_lastTick,p1_score,p2_id,p2_version,p2_lastTick,p2_score,p3_id,p3_version,p3_lastTick,p3_score,p4_id,p4_version,p4_lastTick,p4_score
1637129947,3,1000,973,19,1,final_v2@600,1093,2395,2,final_v3@600,688,1532.072021484375,3,final_v4@600,1093,2231,4,local@600,1093,2833
1637130447,4,1000,429,21,1,final_v2@600,1112,2257,2,final_v3@600,1112,2433,3,final_v4@600,1112,2465,4,local@600,1112,2649
1637130986,8,1200,574,21,1,final_v2@600,1312,2577,2,final_v3@600,1312,2681,3,final_v4@600,1312,2685,4,local@600,1312,2673
1637131545,8,1200,79,21,1,final_v2@600,1312,2468,2,final_v3@600,1312,2372,3,final_v4@600,1312,2456,4,local@600,1312,2376
1637132115,6,900,737,21,1,final_v2@600,393,1402.8800048828125,2,final_v3@600,463,1936.0799560546875,3,final_v4@600,240,956.4000244140625,4,local@600,9999,1820
1637132366,9,1000,326,21,1,final_v2@600,1111,1952,2,final_v3@600,1112,1904,3,final_v4@600,1112,2006,4,local@600,1112,2178
