g_id,g_level,g_maxTick,g_seed,g_size,p1_id,p1_version,p1_lastTick,p1_score,p2_id,p2_version,p2_lastTick,p2_score,p3_id,p3_version,p3_lastTick,p3_score,p4_id,p4_version,p4_lastTick,p4_score
1637176629,7,800,517,21,1,final_v2@600,912,2230,2,final_v3@600,912,3010,3,final_v4@600,303,1442.5400390625,4,local@600,912,2716
1637177092,10,800,168,15,1,final_v2@600,859,2212,2,final_v3@600,858,2132,3,final_v4@600,348,934.6400146484375,4,local@600,859,2228
1637177490,10,800,583,15,1,final_v2@600,859,1797,2,final_v3@600,859,1979,3,final_v4@600,859,2051,4,local@600,477,1266.8599853515625
1637177886,3,1000,89,19,1,final_v2@600,1093,2233,2,final_v3@600,1093,2157,3,final_v4@600,1093,2135,4,local@600,1093,2479
1637178390,6,900,567,21,1,final_v2@600,758,2339.280029296875,2,final_v3@600,9999,2760,3,final_v4@600,1011,2366,4,local@600,324,1059.8399658203125
1637178880,9,1000,926,21,1,final_v2@600,1110,2026,2,final_v3@600,1112,2208,3,final_v4@600,1112,2204,4,local@600,1112,2022
