{
  "crashes": null,
  "game": {
    "id": 1637330602,
    "level": 10,
    "maxTick": 800,
    "seed": 835,
    "size": 15
  },
  "results": [
    {
      "lastTick": 9999,
      "player": 1,
      "score": 1410.0,
      "version": "local@150"
    },
    {
      "lastTick": 246,
      "player": 2,
      "score": 688.280029296875,
      "version": "local@150"
    },
    {
      "lastTick": 373,
      "player": 3,
      "score": 627.1400146484375,
      "version": "final_v7b@150"
    },
    {
      "lastTick": 294,
      "player": 4,
      "score": 354.9200134277344,
      "version": "final_v7b@150"
    }
  ]
}