{
  "crashes": null,
  "game": {
    "id": 1637333096,
    "level": 7,
    "maxTick": 800,
    "seed": 923,
    "size": 21
  },
  "results": [
    {
      "lastTick": 498,
      "player": 1,
      "score": 1788.6400146484375,
      "version": "local@150"
    },
    {
      "lastTick": 9999,
      "player": 2,
      "score": 2115.0,
      "version": "local@150"
    },
    {
      "lastTick": 253,
      "player": 3,
      "score": 862.5399780273438,
      "version": "final_v7b@150"
    },
    {
      "lastTick": 253,
      "player": 4,
      "score": 826.5399780273438,
      "version": "final_v7b@150"
    }
  ]
}