g_id,g_level,g_maxTick,g_seed,g_size,p1_id,p1_version,p1_lastTick,p1_score,p2_id,p2_version,p2_lastTick,p2_score,p3_id,p3_version,p3_lastTick,p3_score,p4_id,p4_version,p4_lastTick,p4_score
1637089219,9,1000,840,21,1,final_v3@600,1112,2678,2,final_v3@600,1112,2674,3,final_v3@600,1112,2654,4,local@600,1112,2566
1637089741,4,1000,311,21,1,final_v3@600,1112,2984,2,final_v3@600,1112,2936,3,final_v3@600,1112,2924,4,local@600,1112,3228
1637090315,2,900,647,9,1,final_v3@600,922,2721,2,final_v3@600,922,2721,3,final_v3@600,922,2763,4,local@600,922,2907
1637090718,8,1200,172,21,1,final_v3@600,324,568.8800048828125,2,final_v3@600,324,580.8800048828125,3,final_v3@600,324,728.8800048828125,4,local@600,9999,1358
1637090881,5,850,539,17,1,final_v3@600,924,2332,2,final_v3@600,924,2320,3,final_v3@600,924,2392,4,local@600,924,2312
1637091302,4,1000,839,21,1,final_v3@600,1112,2712,2,final_v3@600,1112,2664,3,final_v3@600,1112,2652,4,local@600,1112,3060
