{
  "crashes": null,
  "game": {
    "id": 1637139453,
    "level": 4,
    "maxTick": 1000,
    "seed": 426,
    "size": 21
  },
  "results": [
    {
      "lastTick": 450,
      "player": 1,
      "score": 1638.800048828125,
      "version": "final_v2@600"
    },
    {
      "lastTick": 9999,
      "player": 2,
      "score": 1778.0,
      "version": "final_v3@600"
    },
    {
      "lastTick": 317,
      "player": 3,
      "score": 1055.64794921875,
      "version": "final_v4@600"
    },
    {
      "lastTick": 317,
      "player": 4,
      "score": 1099.64794921875,
      "version": "local@600"
    }
  ]
}