g_id,g_level,g_maxTick,g_seed,g_size,p1_id,p1_version,p1_lastTick,p1_score,p2_id,p2_version,p2_lastTick,p2_score,p3_id,p3_version,p3_lastTick,p3_score,p4_id,p4_version,p4_lastTick,p4_score
1637102089,4,1000,300,21,1,final_v2@600,1112,2352,2,final_v3@600,588,1416.6719970703125,3,final_v4@600,1112,2432,4,local@600,1112,2336
1637102630,10,800,716,15,1,final_v2@600,167,698.0599975585938,2,final_v3@600,167,642.0599975585938,3,final_v4@600,297,745.4600219726562,4,local@600,9999,1240
1637102797,5,850,590,17,1,final_v2@600,478,1140.9788818359375,2,final_v3@600,924,2008,3,final_v4@600,924,1912,4,local@600,924,1992
1637103210,10,800,62,15,1,final_v2@600,857,2411,2,final_v3@600,859,2335,3,final_v4@600,859,2303,4,local@600,859,2347
1637103604,1,600,236,11,1,final_v2@600,630,1542,2,final_v3@600,633,1566,3,final_v4@600,633,1608,4,local@600,633,1584
1637103880,4,1000,388,21,1,final_v2@600,1112,2680,2,final_v3@600,387,1093.72802734375,3,final_v4@600,1112,2420,4,local@600,1111,2662
