g_id,g_level,g_maxTick,g_seed,g_size,p1_id,p1_version,p1_lastTick,p1_score,p2_id,p2_version,p2_lastTick,p2_score,p3_id,p3_version,p3_lastTick,p3_score,p4_id,p4_version,p4_lastTick,p4_score
1637102074,9,1000,36,21,1,final_v2@600,1112,2431,2,final_v3@600,324,737.656005859375,3,final_v4@600,1112,2679,4,local@600,1112,2467
1637102574,4,1000,529,21,1,final_v2@600,1112,2910,2,final_v3@600,1112,2420,3,final_v4@600,1112,2372,4,local@600,1112,2522
1637103121,9,1000,429,21,1,final_v2@600,1111,2434,2,final_v3@600,1112,2514,3,final_v4@600,1112,2470,4,local@600,1112,2398
1637103639,3,1000,422,19,1,final_v2@600,585,1670.239990234375,2,final_v3@600,585,1754.239990234375,3,final_v4@600,9999,2180,4,local@600,585,1800.239990234375
1637103970,6,900,835,21,1,final_v2@600,663,1865.0799560546875,2,final_v3@600,1012,2687,3,final_v4@600,1012,2641,4,local@600,1012,2489
