g_id,g_level,g_maxTick,g_seed,g_size,p1_id,p1_version,p1_lastTick,p1_score,p2_id,p2_version,p2_lastTick,p2_score,p3_id,p3_version,p3_lastTick,p3_score,p4_id,p4_version,p4_lastTick,p4_score
1637181535,7,800,517,21,1,final_v2@600,910,1743,2,final_v3@600,912,2885,3,final_v4@600,912,2365,4,local@600,912,2671
1637182000,10,800,168,15,1,final_v2@600,859,2125,2,final_v3@600,857,1881,3,final_v4@600,857,1923,4,local@600,859,2275
1637182394,10,800,583,15,1,final_v2@600,859,1881,2,final_v3@600,858,1819,3,final_v4@600,437,1001.6599731445312,4,local@600,859,1945
1637182787,3,1000,89,19,1,final_v2@600,1093,2427,2,final_v3@600,415,1132.760009765625,3,final_v4@600,1093,2387,4,local@600,1093,2633
1637183301,6,900,567,21,1,final_v2@600,505,1774.800048828125,2,final_v3@600,1011,2584,3,final_v4@600,1011,2218,4,local@600,9999,2276
1637183793,9,1000,926,21,1,final_v2@600,1112,1916,2,final_v3@600,1110,1920,3,final_v4@600,1110,2036,4,local@600,1112,2068
