{
  "crashes": null,
  "game": {
    "id": 1637329291,
    "level": 5,
    "maxTick": 850,
    "seed": 384,
    "size": 17
  },
  "results": [
    {
      "lastTick": 403,
      "player": 1,
      "score": 812.27294921875,
      "version": "local@150"
    },
    {
      "lastTick": 403,
      "player": 2,
      "score": 888.27294921875,
      "version": "local@150"
    },
    {
      "lastTick": 403,
      "player": 3,
      "score": 888.27294921875,
      "version": "final_v7b@150"
    },
    {
      "lastTick": 403,
      "player": 4,
      "score": 888.27294921875,
      "version": "final_v7b@150"
    }
  ]
}