g_id,g_level,g_maxTick,g_seed,g_size,p1_id,p1_version,p1_lastTick,p1_score,p2_id,p2_version,p2_lastTick,p2_score,p3_id,p3_version,p3_lastTick,p3_score,p4_id,p4_version,p4_lastTick,p4_score
1637097417,10,800,934,15,1,final_v3@600,858,2567,2,final_v3@600,858,2475,3,final_v3@600,858,2547,4,local@600,9999,2563
1637097834,7,800,115,21,1,final_v3@600,912,2188,2,final_v3@600,912,2740,3,final_v3@600,912,3168,4,local@600,912,2740
1637098318,9,1000,676,21,1,final_v3@600,1112,2997,2,final_v3@600,1112,2997,3,final_v3@600,1112,3009,4,local@600,1112,2973
1637098863,4,1000,706,21,1,final_v3@600,1112,3353,2,final_v3@600,1112,3045,3,final_v3@600,1112,3045,4,local@600,1112,3397
1637099431,5,850,158,17,1,final_v3@600,924,2694,2,final_v3@600,924,2682,3,final_v3@600,924,2718,4,local@600,924,2490
1637099853,8,1200,70,21,1,final_v3@600,357,654.8400268554688,2,final_v3@600,357,642.8400268554688,3,final_v3@600,357,714.8400268554688,4,local@600,9999,1524
