g_id,g_level,g_maxTick,g_seed,g_size,p1_id,p1_version,p1_lastTick,p1_score,p2_id,p2_version,p2_lastTick,p2_score,p3_id,p3_version,p3_lastTick,p3_score,p4_id,p4_version,p4_lastTick,p4_score
1637129951,1,600,388,11,1,final_v2@600,633,1509,2,final_v3@600,633,1429,3,final_v4@600,633,1557,4,local@600,633,1597
1637130230,7,800,103,21,1,final_v2@600,911,2305,2,final_v3@600,911,2893,3,final_v4@600,912,3055,4,local@600,912,2831
1637130703,1,600,671,11,1,final_v2@600,632,1414,2,final_v3@600,632,1350,3,final_v4@600,9999,1372,4,local@600,231,471.44000244140625
1637130986,3,1000,347,19,1,final_v2@600,1093,2564,2,final_v3@600,1093,2560,3,final_v4@600,1093,2524,4,local@600,1093,2684
1637131508,7,800,464,21,1,final_v2@600,912,2449,2,final_v3@600,912,3239,3,final_v4@600,912,3073,4,local@600,299,1364.8199462890625
