{
  "crashes": null,
  "game": {
    "id": 1637330564,
    "level": 7,
    "maxTick": 800,
    "seed": 763,
    "size": 21
  },
  "results": [
    {
      "lastTick": 9999,
      "player": 1,
      "score": 1921.0,
      "version": "local@150"
    },
    {
      "lastTick": 434,
      "player": 2,
      "score": 1467.1199951171875,
      "version": "local@150"
    },
    {
      "lastTick": 320,
      "player": 3,
      "score": 1126.5999755859375,
      "version": "final_v7b@150"
    },
    {
      "lastTick": 320,
      "player": 4,
      "score": 1114.5999755859375,
      "version": "final_v7b@150"
    }
  ]
}