{
  "crashes": null,
  "game": {
    "id": 1637094420,
    "level": 4,
    "maxTick": 1000,
    "seed": 474,
    "size": 21
  },
  "results": [
    {
      "lastTick": 373,
      "player": 1,
      "score": 1491.7120361328125,
      "version": "final_v3@600"
    },
    {
      "lastTick": 373,
      "player": 2,
      "score": 1259.7120361328125,
      "version": "final_v3@600"
    },
    {
      "lastTick": 373,
      "player": 3,
      "score": 1259.7120361328125,
      "version": "final_v3@600"
    },
    {
      "lastTick": 9999,
      "player": 4,
      "score": 1430.0,
      "version": "local@600"
    }
  ]
}