{
  "crashes": null,
  "game": {
    "id": 1637327069,
    "level": 4,
    "maxTick": 1000,
    "seed": 919,
    "size": 21
  },
  "results": [
    {
      "lastTick": 824,
      "player": 1,
      "score": 1726.656005859375,
      "version": "local@150"
    },
    {
      "lastTick": 711,
      "player": 2,
      "score": 1736.384033203125,
      "version": "local@150"
    },
    {
      "lastTick": 824,
      "player": 3,
      "score": 1934.656005859375,
      "version": "final_v7b@150"
    },
    {
      "lastTick": 9999,
      "player": 4,
      "score": 1802.0,
      "version": "final_v7b@150"
    }
  ]
}