g_id,g_level,g_maxTick,g_seed,g_size,p1_id,p1_version,p1_lastTick,p1_score,p2_id,p2_version,p2_lastTick,p2_score,p3_id,p3_version,p3_lastTick,p3_score,p4_id,p4_version,p4_lastTick,p4_score
1637161594,2,900,531,9,1,final_v2@600,922,2261,2,final_v3@600,922,2257,3,final_v4@600,922,2293,4,local@600,922,1717
1637161997,4,1000,426,21,1,final_v2@600,1112,2449,2,final_v3@600,1111,2539,3,final_v4@600,1111,2725,4,local@600,1112,2123
1637162535,5,850,641,17,1,final_v2@600,922,2025,2,final_v3@600,924,2195,3,final_v4@600,822,2110.25634765625,4,local@600,924,2097
1637162946,5,850,773,17,1,final_v2@600,924,1890,2,final_v3@600,924,1540,3,final_v4@600,924,1588,4,local@600,924,1570
1637163366,9,1000,933,21,1,final_v2@600,1110,2132,2,final_v3@600,1111,2196,3,final_v4@600,9999,2276,4,local@600,1111,1832
1637163857,5,850,673,17,1,final_v2@600,393,963.5787963867188,2,final_v3@600,923,1659,3,final_v4@600,9999,1699,4,local@600,923,1409
