g_id,g_level,g_maxTick,g_seed,g_size,p1_id,p1_version,p1_lastTick,p1_score,p2_id,p2_version,p2_lastTick,p2_score,p3_id,p3_version,p3_lastTick,p3_score,p4_id,p4_version,p4_lastTick,p4_score
1637176629,5,850,70,17,1,final_v2@600,299,779.6541137695312,2,final_v3@600,924,1787,3,final_v4@600,924,1787,4,local@600,924,2169
1637177057,6,900,278,21,1,final_v2@600,448,1787.6800537109375,2,final_v3@600,433,1638.280029296875,3,final_v4@600,9999,1626,4,local@600,433,1500.280029296875
1637177335,7,800,721,21,1,final_v2@600,9999,2976,2,final_v3@600,397,1669.4599609375,3,final_v4@600,911,2512,4,local@600,358,1486.43994140625
1637177789,7,800,208,21,1,final_v2@600,9999,1792,2,final_v3@600,911,2574,3,final_v4@600,467,2396.06005859375,4,local@600,365,1863.699951171875
1637178237,9,1000,231,21,1,final_v2@600,398,717.31201171875,2,final_v3@600,1112,2328,3,final_v4@600,1112,2364,4,local@600,1112,1992
