g_id,g_level,g_maxTick,g_seed,g_size,p1_id,p1_version,p1_lastTick,p1_score,p2_id,p2_version,p2_lastTick,p2_score,p3_id,p3_version,p3_lastTick,p3_score,p4_id,p4_version,p4_lastTick,p4_score
1637093616,9,1000,840,21,1,final_v3@600,1112,2282,2,final_v3@600,360,837.8400268554688,3,final_v3@600,437,1076.927978515625,4,local@600,1112,2334
1637094105,4,1000,311,21,1,final_v3@600,1112,2785,2,final_v3@600,1112,2707,3,final_v3@600,1112,2695,4,local@600,1112,3045
1637094678,2,900,647,9,1,final_v3@600,922,2724,2,final_v3@600,922,2724,3,final_v3@600,922,2766,4,local@600,922,2910
1637095084,8,1200,172,21,1,final_v3@600,1312,3187,2,final_v3@600,1312,3165,3,final_v3@600,1312,3227,4,local@600,1312,3189
1637095682,5,850,539,17,1,final_v3@600,924,2332,2,final_v3@600,924,2320,3,final_v3@600,924,2392,4,local@600,924,2312
1637096105,4,1000,839,21,1,final_v3@600,1112,3227,2,final_v3@600,1112,2649,3,final_v3@600,1112,2637,4,local@600,1112,2779
