{
  "crashes": null,
  "game": {
    "id": 1637329315,
    "level": 3,
    "maxTick": 1000,
    "seed": 529,
    "size": 19
  },
  "results": [
    {
      "lastTick": 884,
      "player": 1,
      "score": 1777.2960205078125,
      "version": "local@150"
    },
    {
      "lastTick": 884,
      "player": 2,
      "score": 1783.2960205078125,
      "version": "local@150"
    },
    {
      "lastTick": 765,
      "player": 3,
      "score": 1568.1600341796875,
      "version": "final_v7b@150"
    },
    {
      "lastTick": 706,
      "player": 4,
      "score": 1325.6639404296875,
      "version": "final_v7b@150"
    }
  ]
}