{
  "crashes": null,
  "game": {
    "id": 1637330502,
    "level": 3,
    "maxTick": 1000,
    "seed": 8,
    "size": 19
  },
  "results": [
    {
      "lastTick": 276,
      "player": 1,
      "score": 979.7440185546875,
      "version": "local@150"
    },
    {
      "lastTick": 212,
      "player": 2,
      "score": 726.5280151367188,
      "version": "local@150"
    },
    {
      "lastTick": 9999,
      "player": 3,
      "score": 832.0,
      "version": "final_v7b@150"
    },
    {
      "lastTick": 276,
      "player": 4,
      "score": 747.7440185546875,
      "version": "final_v7b@150"
    }
  ]
}