g_id,g_level,g_maxTick,g_seed,g_size,p1_id,p1_version,p1_lastTick,p1_score,p2_id,p2_version,p2_lastTick,p2_score,p3_id,p3_version,p3_lastTick,p3_score,p4_id,p4_version,p4_lastTick,p4_score
1637329173,2,900,260,9,1,local@150,379,906.6400146484375,2,local@150,379,906.6400146484375,3,final_v7b@150,379,816.6400146484375,4,final_v7b@150,379,816.6400146484375
1637329230,9,1000,536,21,1,local@150,9999,1528,2,local@150,703,1483.2320556640625,3,final_v7b@150,703,1493.2320556640625,4,final_v7b@150,724,1402.2559814453125
1637329330,5,850,464,17,1,local@150,373,771.1906127929688,2,local@150,373,801.1906127929688,3,final_v7b@150,296,620.1458740234375,4,final_v7b@150,296,686.1458740234375
