{
  "crashes": null,
  "game": {
    "id": 1637330681,
    "level": 4,
    "maxTick": 1000,
    "seed": 926,
    "size": 21
  },
  "results": [
    {
      "lastTick": 9999,
      "player": 1,
      "score": 1590.0,
      "version": "local@150"
    },
    {
      "lastTick": 614,
      "player": 2,
      "score": 1388.416015625,
      "version": "local@150"
    },
    {
      "lastTick": 284,
      "player": 3,
      "score": 844.89599609375,
      "version": "final_v7b@150"
    },
    {
      "lastTick": 434,
      "player": 4,
      "score": 1136.4959716796875,
      "version": "final_v7b@150"
    }
  ]
}