g_id,g_level,g_maxTick,g_seed,g_size,p1_id,p1_version,p1_lastTick,p1_score,p2_id,p2_version,p2_lastTick,p2_score,p3_id,p3_version,p3_lastTick,p3_score,p4_id,p4_version,p4_lastTick,p4_score
1637326992,2,900,260,9,1,local@150,354,866.6400146484375,2,local@150,354,794.6400146484375,3,final_v7b@150,249,495.8399963378906,4,final_v7b@150,249,495.8399963378906
1637327042,9,1000,536,21,1,local@150,463,1162.6719970703125,2,local@150,463,1108.6719970703125,3,final_v7b@150,463,1146.6719970703125,4,final_v7b@150,463,1120.6719970703125
1637327111,5,850,464,17,1,local@150,327,715.3976440429688,2,local@150,327,793.3976440429688,3,final_v7b@150,327,763.3976440429688,4,final_v7b@150,327,769.3976440429688
