g_id,g_level,g_maxTick,g_seed,g_size,p1_id,p1_version,p1_lastTick,p1_score,p2_id,p2_version,p2_lastTick,p2_score,p3_id,p3_version,p3_lastTick,p3_score,p4_id,p4_version,p4_lastTick,p4_score
1636903656,5,850,70,17,1,final_v1@600,922,2220,2,semifinal@600,924,1712,3,semifinal@600,924,1706,4,semifinal@600,924,1706
1636904082,6,900,278,21,1,final_v1@600,1012,2712,2,semifinal@600,1012,2634,3,semifinal@600,1012,2448,4,semifinal@600,1012,2814
1636904588,7,800,721,21,1,final_v1@600,9999,2787,2,semifinal@600,426,1807.6800537109375,3,semifinal@600,426,1843.6800537109375,4,semifinal@600,426,1807.6800537109375
1636904850,7,800,208,21,1,final_v1@600,9999,2359,2,semifinal@600,386,2200.47998046875,3,semifinal@600,394,1747.9200439453125,4,semifinal@600,394,1711.9200439453125
1636905093,9,1000,231,21,1,final_v1@600,1111,2285,2,semifinal@600,1112,2211,3,semifinal@600,1112,2261,4,semifinal@600,1112,2219
