{
  "crashes": null,
  "game": {
    "id": 1637330641,
    "level": 2,
    "maxTick": 900,
    "seed": 418,
    "size": 9
  },
  "results": [
    {
      "lastTick": 515,
      "player": 1,
      "score": 1120.4000244140625,
      "version": "local@150"
    },
    {
      "lastTick": 515,
      "player": 2,
      "score": 1168.4000244140625,
      "version": "local@150"
    },
    {
      "lastTick": 243,
      "player": 3,
      "score": 410.8800048828125,
      "version": "final_v7b@150"
    },
    {
      "lastTick": 243,
      "player": 4,
      "score": 410.8800048828125,
      "version": "final_v7b@150"
    }
  ]
}