{
  "crashes": null,
  "game": {
    "id": 1637334295,
    "level": 9,
    "maxTick": 1000,
    "seed": 583,
    "size": 21
  },
  "results": [
    {
      "lastTick": 757,
      "player": 1,
      "score": 1169.008056640625,
      "version": "local@150"
    },
    {
      "lastTick": 328,
      "player": 2,
      "score": 719.2319946289063,
      "version": "local@150"
    },
    {
      "lastTick": 601,
      "player": 3,
      "score": 1014.5440063476563,
      "version": "final_v7b@150"
    },
    {
      "lastTick": 9999,
      "player": 4,
      "score": 1360.0,
      "version": "final_v7b@150"
    }
  ]
}