{
  "crashes": null,
  "game": {
    "id": 1637045968,
    "level": 7,
    "maxTick": 800,
    "seed": 721,
    "size": 21
  },
  "results": [
    {
      "lastTick": 9999,
      "player": 1,
      "score": 1608.0,
      "version": "final_v3@600"
    },
    {
      "lastTick": 391,
      "player": 2,
      "score": 1726.3800048828125,
      "version": "final_v3@600"
    },
    {
      "lastTick": 391,
      "player": 3,
      "score": 1756.3800048828125,
      "version": "final_v3@600"
    },
    {
      "lastTick": 391,
      "player": 4,
      "score": 1720.3800048828125,
      "version": "local@600"
    }
  ]
}