{
  "crashes": null,
  "game": {
    "id": 1637329142,
    "level": 1,
    "maxTick": 600,
    "seed": 981,
    "size": 11
  },
  "results": [
    {
      "lastTick": 9999,
      "player": 1,
      "score": 1046.0,
      "version": "local@150"
    },
    {
      "lastTick": 460,
      "player": 2,
      "score": 1188.4000244140625,
      "version": "local@150"
    },
    {
      "lastTick": 460,
      "player": 3,
      "score": 1162.4000244140625,
      "version": "final_v7b@150"
    },
    {
      "lastTick": 460,
      "player": 4,
      "score": 1134.4000244140625,
      "version": "final_v7b@150"
    }
  ]
}