{
  "crashes": null,
  "game": {
    "id": 1637161539,
    "level": 7,
    "maxTick": 800,
    "seed": 8,
    "size": 21
  },
  "results": [
    {
      "lastTick": 382,
      "player": 1,
      "score": 1227.760009765625,
      "version": "final_v2@600"
    },
    {
      "lastTick": 9999,
      "player": 2,
      "score": 2289.0,
      "version": "final_v3@600"
    },
    {
      "lastTick": 422,
      "player": 3,
      "score": 2268.9599609375,
      "version": "final_v4@600"
    },
    {
      "lastTick": 430,
      "player": 4,
      "score": 2124.39990234375,
      "version": "local@600"
    }
  ]
}