g_id,g_level,g_maxTick,g_seed,g_size,p1_id,p1_version,p1_lastTick,p1_score,p2_id,p2_version,p2_lastTick,p2_score,p3_id,p3_version,p3_lastTick,p3_score,p4_id,p4_version,p4_lastTick,p4_score
1637149103,8,1200,926,21,1,final_v2@600,1312,2284,2,final_v3@600,1312,2568,3,final_v4@600,1312,2550,4,local@600,1312,2614
1637149666,9,1000,856,21,1,final_v2@600,511,1158.583984375,2,final_v3@600,1112,2117,3,final_v4@600,1112,2167,4,local@600,1112,2143
1637150177,4,1000,474,21,1,final_v2@600,404,1277.176025390625,2,final_v3@600,1110,2003,3,final_v4@600,428,1194.6319580078125,4,local@600,9999,2349
1637150745,10,800,838,15,1,final_v2@600,859,2242,2,final_v3@600,859,2232,3,final_v4@600,859,2252,4,local@600,859,2482
1637151153,8,1200,793,21,1,final_v2@600,1312,2748,2,final_v3@600,1312,2808,3,final_v4@600,1312,2766,4,local@600,1312,2814
