{
  "crashes": null,
  "game": {
    "id": 1637334221,
    "level": 8,
    "maxTick": 1200,
    "seed": 68,
    "size": 21
  },
  "results": [
    {
      "lastTick": 502,
      "player": 1,
      "score": 636.239990234375,
      "version": "local@150"
    },
    {
      "lastTick": 9999,
      "player": 2,
      "score": 900.0,
      "version": "local@150"
    },
    {
      "lastTick": 606,
      "player": 3,
      "score": 764.719970703125,
      "version": "final_v7b@150"
    },
    {
      "lastTick": 368,
      "player": 4,
      "score": 412.1600036621094,
      "version": "final_v7b@150"
    }
  ]
}