g_id,g_level,g_maxTick,g_seed,g_size,p1_id,p1_version,p1_lastTick,p1_score,p2_id,p2_version,p2_lastTick,p2_score,p3_id,p3_version,p3_lastTick,p3_score,p4_id,p4_version,p4_lastTick,p4_score
1637129955,2,900,531,9,1,final_v2@600,922,2521,2,final_v3@600,922,2483,3,final_v4@600,922,2417,4,local@600,922,2339
1637130354,4,1000,426,21,1,final_v2@600,478,1622.83203125,2,final_v3@600,1111,2590,3,final_v4@600,1111,2578,4,local@600,9999,2842
1637130906,5,850,641,17,1,final_v2@600,924,2037,2,final_v3@600,924,2031,3,final_v4@600,924,2007,4,local@600,924,1893
1637131316,5,850,773,17,1,final_v2@600,924,2529,2,final_v3@600,924,2477,3,final_v4@600,924,2621,4,local@600,924,2441
1637131734,9,1000,933,21,1,final_v2@600,1110,1812,2,final_v3@600,323,938.5120239257812,3,final_v4@600,9999,1810,4,local@600,355,1189.1199951171875
1637132221,5,850,673,17,1,final_v2@600,924,2277,2,final_v3@600,924,2341,3,final_v4@600,924,2341,4,local@600,924,2329
