{
  "crashes": null,
  "game": {
    "id": 1637330512,
    "level": 7,
    "maxTick": 800,
    "seed": 142,
    "size": 21
  },
  "results": [
    {
      "lastTick": 361,
      "player": 1,
      "score": 1391.97998046875,
      "version": "local@150"
    },
    {
      "lastTick": 9999,
      "player": 2,
      "score": 1519.0,
      "version": "local@150"
    },
    {
      "lastTick": 289,
      "player": 3,
      "score": 973.02001953125,
      "version": "final_v7b@150"
    },
    {
      "lastTick": 358,
      "player": 4,
      "score": 1349.43994140625,
      "version": "final_v7b@150"
    }
  ]
}