g_id,g_level,g_maxTick,g_seed,g_size,p1_id,p1_version,p1_lastTick,p1_score,p2_id,p2_version,p2_lastTick,p2_score,p3_id,p3_version,p3_lastTick,p3_score,p4_id,p4_version,p4_lastTick,p4_score
1637161505,2,900,673,9,1,final_v2@600,922,2183,2,final_v3@600,921,2091,3,final_v4@600,921,2001,4,local@600,922,1877
1637161905,7,800,809,21,1,final_v2@600,911,2284,2,final_v3@600,912,2802,3,final_v4@600,494,1916.9200439453125,4,local@600,912,2630
1637162374,2,900,114,9,1,final_v2@600,234,562.4400024414062,2,final_v3@600,922,2299,3,final_v4@600,922,2365,4,local@600,922,2235
1637162783,4,1000,319,21,1,final_v2@600,1110,2310,2,final_v3@600,1112,2378,3,final_v4@600,1112,2286,4,local@600,1112,2454
1637163327,4,1000,950,21,1,final_v2@600,1110,2571,2,final_v3@600,1112,2569,3,final_v4@600,1112,2585,4,local@600,1111,2179
