g_id,g_level,g_maxTick,g_seed,g_size,p1_id,p1_version,p1_lastTick,p1_score,p2_id,p2_version,p2_lastTick,p2_score,p3_id,p3_version,p3_lastTick,p3_score,p4_id,p4_version,p4_lastTick,p4_score
1637246044,1,600,839,11,1,final_v3@600,633,1822,2,final_v4@600,632,1606,3,final_v5@600,633,1796,4,local@600,632,1648
1637246337,2,900,96,9,1,final_v3@600,920,2784,2,final_v4@600,920,2718,3,final_v5@600,920,2834,4,local@600,9999,2796
1637246744,8,1200,468,21,1,final_v3@600,944,1879.280029296875,2,final_v4@600,9999,2226,3,final_v5@600,1310,2508,4,local@600,943,2061.159912109375
1637247315,3,1000,703,19,1,final_v3@600,803,2056.632080078125,2,final_v4@600,803,2032.6319580078125,3,final_v5@600,1093,2445,4,local@600,1093,2513
1637247834,10,800,964,15,1,final_v3@600,859,2450,2,final_v4@600,859,2306,3,final_v5@600,859,2306,4,local@600,859,2438
