{
  "crashes": null,
  "game": {
    "id": 1637329260,
    "level": 10,
    "maxTick": 800,
    "seed": 79,
    "size": 15
  },
  "results": [
    {
      "lastTick": 9999,
      "player": 1,
      "score": 1356.0,
      "version": "local@150"
    },
    {
      "lastTick": 422,
      "player": 2,
      "score": 907.9600219726563,
      "version": "local@150"
    },
    {
      "lastTick": 488,
      "player": 3,
      "score": 871.8400268554688,
      "version": "final_v7b@150"
    },
    {
      "lastTick": 488,
      "player": 4,
      "score": 647.8400268554688,
      "version": "final_v7b@150"
    }
  ]
}