{
  "crashes": null,
  "game": {
    "id": 1637327108,
    "level": 6,
    "maxTick": 900,
    "seed": 168,
    "size": 21
  },
  "results": [
    {
      "lastTick": 9999,
      "player": 1,
      "score": 1110.0,
      "version": "local@150"
    },
    {
      "lastTick": 202,
      "player": 2,
      "score": 860.3200073242188,
      "version": "local@150"
    },
    {
      "lastTick": 202,
      "player": 3,
      "score": 782.3200073242188,
      "version": "final_v7b@150"
    },
    {
      "lastTick": 202,
      "player": 4,
      "score": 776.3200073242188,
      "version": "final_v7b@150"
    }
  ]
}