{
  "crashes": null,
  "game": {
    "id": 1637329182,
    "level": 7,
    "maxTick": 800,
    "seed": 422,
    "size": 21
  },
  "results": [
    {
      "lastTick": 376,
      "player": 1,
      "score": 1630.6800537109375,
      "version": "local@150"
    },
    {
      "lastTick": 376,
      "player": 2,
      "score": 1646.6800537109375,
      "version": "local@150"
    },
    {
      "lastTick": 212,
      "player": 3,
      "score": 825.1599731445313,
      "version": "final_v7b@150"
    },
    {
      "lastTick": 212,
      "player": 4,
      "score": 789.1599731445313,
      "version": "final_v7b@150"
    }
  ]
}