{
  "crashes": null,
  "game": {
    "id": 1637047207,
    "level": 6,
    "maxTick": 900,
    "seed": 835,
    "size": 21
  },
  "results": [
    {
      "lastTick": 720,
      "player": 1,
      "score": 2156.199951171875,
      "version": "final_v3@600"
    },
    {
      "lastTick": 9999,
      "player": 2,
      "score": 2771.0,
      "version": "final_v3@600"
    },
    {
      "lastTick": 720,
      "player": 3,
      "score": 2404.199951171875,
      "version": "final_v3@600"
    },
    {
      "lastTick": 720,
      "player": 4,
      "score": 2266.199951171875,
      "version": "local@600"
    }
  ]
}