{
  "crashes": null,
  "game": {
    "id": 1637182105,
    "level": 9,
    "maxTick": 1000,
    "seed": 856,
    "size": 21
  },
  "results": [
    {
      "lastTick": 556,
      "player": 1,
      "score": 1202.06396484375,
      "version": "final_v2@600"
    },
    {
      "lastTick": 556,
      "player": 2,
      "score": 1226.06396484375,
      "version": "final_v3@600"
    },
    {
      "lastTick": 429,
      "player": 3,
      "score": 1033.7760009765625,
      "version": "final_v4@600"
    },
    {
      "lastTick": 9999,
      "player": 4,
      "score": 1652.0,
      "version": "local@600"
    }
  ]
}