{
  "crashes": null,
  "game": {
    "id": 1637178064,
    "level": 8,
    "maxTick": 1200,
    "seed": 172,
    "size": 21
  },
  "results": [
    {
      "lastTick": 246,
      "player": 1,
      "score": 389.5199890136719,
      "version": "final_v2@600"
    },
    {
      "lastTick": 246,
      "player": 2,
      "score": 357.5199890136719,
      "version": "final_v3@600"
    },
    {
      "lastTick": 1141,
      "player": 3,
      "score": 2030.9200439453125,
      "version": "final_v4@600"
    },
    {
      "lastTick": 9999,
      "player": 4,
      "score": 2122.0,
      "version": "local@600"
    }
  ]
}