g_id,g_level,g_maxTick,g_seed,g_size,p1_id,p1_version,p1_lastTick,p1_score,p2_id,p2_version,p2_lastTick,p2_score,p3_id,p3_version,p3_lastTick,p3_score,p4_id,p4_version,p4_lastTick,p4_score
1637107113,7,800,829,21,1,final_v2@600,912,2269,2,final_v3@600,912,2585,3,final_v4@600,912,2687,4,local@600,912,2615
1637107591,7,800,919,21,1,final_v2@600,910,2092,2,final_v3@600,912,2110,3,final_v4@600,911,2768,4,local@600,912,2554
1637108059,5,850,457,17,1,final_v2@600,924,2655,2,final_v3@600,924,2665,3,final_v4@600,924,2665,4,local@600,924,2647
1637108497,9,1000,105,21,1,final_v2@600,289,656.6160278320312,2,final_v3@600,289,656.6160278320312,3,final_v4@600,1112,1641,4,local@600,1112,1293
1637108993,4,1000,700,21,1,final_v2@600,1112,2873,2,final_v3@600,1112,2697,3,final_v4@600,1112,2799,4,local@600,1112,2755
1637109534,6,900,841,21,1,final_v2@600,1011,2616,2,final_v3@600,1011,2526,3,final_v4@600,135,351.6000061035156,4,local@600,9999,3180
