{
  "crashes": null,
  "game": {
    "id": 1637332093,
    "level": 10,
    "maxTick": 800,
    "seed": 427,
    "size": 15
  },
  "results": [
    {
      "lastTick": 557,
      "player": 1,
      "score": 1306.260009765625,
      "version": "local@150"
    },
    {
      "lastTick": 557,
      "player": 2,
      "score": 1120.260009765625,
      "version": "local@150"
    },
    {
      "lastTick": 9999,
      "player": 3,
      "score": 1436.0,
      "version": "final_v7b@150"
    },
    {
      "lastTick": 565,
      "player": 4,
      "score": 919.7000122070313,
      "version": "final_v7b@150"
    }
  ]
}