g_id,g_level,g_maxTick,g_seed,g_size,p1_id,p1_version,p1_lastTick,p1_score,p2_id,p2_version,p2_lastTick,p2_score,p3_id,p3_version,p3_lastTick,p3_score,p4_id,p4_version,p4_lastTick,p4_score
1637102194,2,900,531,9,1,final_v2@600,922,2576,2,final_v3@600,922,2532,3,final_v4@600,922,2524,4,local@600,922,2536
1637102595,4,1000,426,21,1,final_v2@600,311,1239.783935546875,2,final_v3@600,9999,1559,3,final_v4@600,342,1232.248046875,4,local@600,342,1388.248046875
1637102816,5,850,641,17,1,final_v2@600,923,2340,2,final_v3@600,924,2248,3,final_v4@600,924,2420,4,local@600,924,2408
1637103237,5,850,773,17,1,final_v2@600,924,1931,2,final_v3@600,924,2023,3,final_v4@600,924,1787,4,local@600,924,1919
1637103659,9,1000,933,21,1,final_v2@600,1112,2847,2,final_v3@600,1112,2625,3,final_v4@600,1112,2707,4,local@600,1112,2677
1637104172,5,850,673,17,1,final_v2@600,924,1959,2,final_v3@600,924,2131,3,final_v4@600,924,2071,4,local@600,924,2179
