{
  "crashes": null,
  "game": {
    "id": 1637331966,
    "level": 9,
    "maxTick": 1000,
    "seed": 829,
    "size": 21
  },
  "results": [
    {
      "lastTick": 947,
      "player": 1,
      "score": 1294.3680419921875,
      "version": "local@150"
    },
    {
      "lastTick": 947,
      "player": 2,
      "score": 1690.3680419921875,
      "version": "local@150"
    },
    {
      "lastTick": 731,
      "player": 3,
      "score": 1547.2640380859375,
      "version": "final_v7b@150"
    },
    {
      "lastTick": 731,
      "player": 4,
      "score": 1539.2640380859375,
      "version": "final_v7b@150"
    }
  ]
}