g_id,g_level,g_maxTick,g_seed,g_size,p1_id,p1_version,p1_lastTick,p1_score,p2_id,p2_version,p2_lastTick,p2_score,p3_id,p3_version,p3_lastTick,p3_score,p4_id,p4_version,p4_lastTick,p4_score
1637331965,10,800,926,15,1,local@150,246,694.280029296875,2,local@150,9999,908,3,final_v7b@150,227,674.8599853515625,4,final_v7b@150,192,226.55999755859375
1637332008,8,1200,856,21,1,local@150,368,380.1600036621094,2,local@150,368,612.1599731445312,3,final_v7b@150,450,658,4,final_v7b@150,450,658
