{
  "crashes": null,
  "game": {
    "id": 1637332188,
    "level": 8,
    "maxTick": 1200,
    "seed": 116,
    "size": 21
  },
  "results": [
    {
      "lastTick": 376,
      "player": 1,
      "score": 307.1199951171875,
      "version": "local@150"
    },
    {
      "lastTick": 9999,
      "player": 2,
      "score": 968.0,
      "version": "local@150"
    },
    {
      "lastTick": 284,
      "player": 3,
      "score": 438.0799865722656,
      "version": "final_v7b@150"
    },
    {
      "lastTick": 284,
      "player": 4,
      "score": 452.0799865722656,
      "version": "final_v7b@150"
    }
  ]
}