{
  "crashes": null,
  "game": {
    "id": 1637330622,
    "level": 5,
    "maxTick": 850,
    "seed": 735,
    "size": 17
  },
  "results": [
    {
      "lastTick": 560,
      "player": 1,
      "score": 1050.87060546875,
      "version": "local@150"
    },
    {
      "lastTick": 560,
      "player": 2,
      "score": 1396.87060546875,
      "version": "local@150"
    },
    {
      "lastTick": 166,
      "player": 3,
      "score": 370.1223449707031,
      "version": "final_v7b@150"
    },
    {
      "lastTick": 166,
      "player": 4,
      "score": 376.1223449707031,
      "version": "final_v7b@150"
    }
  ]
}