g_id,g_level,g_maxTick,g_seed,g_size,p1_id,p1_version,p1_lastTick,p1_score,p2_id,p2_version,p2_lastTick,p2_score,p3_id,p3_version,p3_lastTick,p3_score,p4_id,p4_version,p4_lastTick,p4_score
1637250717,2,900,531,9,1,final_v4@600,532,1275.1199951171875,2,final_v5@600,9999,1634,3,final_v6@600,311,791.760009765625,4,local@600,311,831.760009765625
1637250955,4,1000,426,21,1,final_v4@600,549,1561.0560302734375,2,final_v5@600,1112,2766,3,final_v6@600,1112,2578,4,local@600,1112,2470
1637251513,5,850,641,17,1,final_v4@600,714,1974.9599609375,2,final_v5@600,924,2484,3,final_v6@600,924,2096,4,local@600,924,2206
1637251954,5,850,773,17,1,final_v4@600,9999,2432,2,final_v5@600,283,581.9435424804688,3,final_v6@600,923,2392,4,local@600,923,2374
1637252377,9,1000,933,21,1,final_v4@600,826,1410.9439697265625,2,final_v5@600,1112,2070,3,final_v6@600,1112,2092,4,local@600,1112,2194
1637252874,5,850,673,17,1,final_v4@600,796,1996.851806640625,2,final_v5@600,924,2166,3,final_v6@600,924,2164,4,local@600,924,2208
