{
  "crashes": null,
  "game": {
    "id": 1637178630,
    "level": 5,
    "maxTick": 850,
    "seed": 673,
    "size": 17
  },
  "results": [
    {
      "lastTick": 730,
      "player": 1,
      "score": 1480.670654296875,
      "version": "final_v2@600"
    },
    {
      "lastTick": 537,
      "player": 2,
      "score": 1225.97412109375,
      "version": "final_v3@600"
    },
    {
      "lastTick": 406,
      "player": 3,
      "score": 875.7811889648438,
      "version": "final_v4@600"
    },
    {
      "lastTick": 9999,
      "player": 4,
      "score": 1781.0,
      "version": "local@600"
    }
  ]
}