{
  "crashes": null,
  "game": {
    "id": 1637333168,
    "level": 10,
    "maxTick": 800,
    "seed": 835,
    "size": 15
  },
  "results": [
    {
      "lastTick": 373,
      "player": 1,
      "score": 1105.1400146484375,
      "version": "local@150"
    },
    {
      "lastTick": 9999,
      "player": 2,
      "score": 1278.0,
      "version": "local@150"
    },
    {
      "lastTick": 252,
      "player": 3,
      "score": 507.3599853515625,
      "version": "final_v7b@150"
    },
    {
      "lastTick": 252,
      "player": 4,
      "score": 303.3599853515625,
      "version": "final_v7b@150"
    }
  ]
}