g_id,g_level,g_maxTick,g_seed,g_size,p1_id,p1_version,p1_lastTick,p1_score,p2_id,p2_version,p2_lastTick,p2_score,p3_id,p3_version,p3_lastTick,p3_score,p4_id,p4_version,p4_lastTick,p4_score
1637176624,1,600,839,11,1,final_v2@600,632,1561,2,final_v3@600,632,1601,3,final_v4@600,632,1541,4,local@600,9999,1641
1637176911,2,900,96,9,1,final_v2@600,9999,2250,2,final_v3@600,790,2140.39990234375,3,final_v4@600,790,2034.4000244140625,4,local@600,921,2408
1637177319,8,1200,468,21,1,final_v2@600,1312,1994,2,final_v3@600,823,1588.760009765625,3,final_v4@600,823,1680.760009765625,4,local@600,1312,2662
1637177889,3,1000,703,19,1,final_v2@600,831,1902.6639404296875,2,final_v3@600,1091,2353,3,final_v4@600,1091,2279,4,local@600,9999,2517
1637178425,10,800,964,15,1,final_v2@600,859,1714,2,final_v3@600,858,1764,3,final_v4@600,858,1798,4,local@600,859,1956
