{
  "crashes": null,
  "game": {
    "id": 1637155351,
    "level": 5,
    "maxTick": 850,
    "seed": 673,
    "size": 17
  },
  "results": [
    {
      "lastTick": 394,
      "player": 1,
      "score": 919.7482299804688,
      "version": "final_v2@600"
    },
    {
      "lastTick": 9999,
      "player": 2,
      "score": 1519.0,
      "version": "final_v3@600"
    },
    {
      "lastTick": 486,
      "player": 3,
      "score": 1001.3341064453125,
      "version": "final_v4@600"
    },
    {
      "lastTick": 523,
      "player": 4,
      "score": 1109.602294921875,
      "version": "local@600"
    }
  ]
}