g_id,g_level,g_maxTick,g_seed,g_size,p1_id,p1_version,p1_lastTick,p1_score,p2_id,p2_version,p2_lastTick,p2_score,p3_id,p3_version,p3_lastTick,p3_score,p4_id,p4_version,p4_lastTick,p4_score
1637044993,2,900,981,9,1,final_v3@600,922,3450,2,final_v3@600,922,3450,3,final_v3@600,922,3474,4,local@600,922,3474
1637045406,9,1000,763,21,1,final_v3@600,1112,2670,2,final_v3@600,1112,2628,3,final_v3@600,1112,2664,4,local@600,1112,2658
1637045925,5,850,384,17,1,final_v3@600,924,2706,2,final_v3@600,924,2694,3,final_v3@600,924,2730,4,local@600,924,2718
1637046350,1,600,884,11,1,final_v3@600,633,1989,2,final_v3@600,633,1989,3,final_v3@600,633,2067,4,local@600,633,2007
1637046633,7,800,928,21,1,final_v3@600,9999,1988,2,final_v3@600,424,1566.3199462890625,3,final_v3@600,911,2602,4,local@600,433,1789.93994140625
1637047113,5,850,344,17,1,final_v3@600,924,2922,2,final_v3@600,924,2910,3,final_v3@600,924,2946,4,local@600,924,2934
