{
  "crashes": null,
  "game": {
    "id": 1637333052,
    "level": 7,
    "maxTick": 800,
    "seed": 142,
    "size": 21
  },
  "results": [
    {
      "lastTick": 9999,
      "player": 1,
      "score": 2610.0,
      "version": "local@150"
    },
    {
      "lastTick": 455,
      "player": 2,
      "score": 2085.89990234375,
      "version": "local@150"
    },
    {
      "lastTick": 374,
      "player": 3,
      "score": 1243.3199462890625,
      "version": "final_v7b@150"
    },
    {
      "lastTick": 219,
      "player": 4,
      "score": 669.4199829101563,
      "version": "final_v7b@150"
    }
  ]
}