g_id,g_level,g_maxTick,g_seed,g_size,p1_id,p1_version,p1_lastTick,p1_score,p2_id,p2_version,p2_lastTick,p2_score,p3_id,p3_version,p3_lastTick,p3_score,p4_id,p4_version,p4_lastTick,p4_score
1637129952,4,1000,326,21,1,final_v2@600,1110,2538,2,final_v3@600,1112,2386,3,final_v4@600,1112,2338,4,local@600,1111,2594
1637130507,10,800,427,15,1,final_v2@600,859,2036,2,final_v3@600,859,1732,3,final_v4@600,859,1784,4,local@600,859,1956
1637130902,5,850,116,17,1,final_v2@600,924,1656,2,final_v3@600,317,821.7035522460938,3,final_v4@600,924,1224,4,local@600,222,469.6094055175781
1637131315,10,800,142,15,1,final_v2@600,858,1682,2,final_v3@600,859,1856,3,final_v4@600,859,1910,4,local@600,859,2016
1637131710,8,1200,886,21,1,final_v2@600,410,745.2000122070312,2,final_v3@600,1312,2556,3,final_v4@600,1312,2370,4,local@600,1312,2322
