{
  "crashes": null,
  "game": {
    "id": 1637331965,
    "level": 10,
    "maxTick": 800,
    "seed": 926,
    "size": 15
  },
  "results": [
    {
      "lastTick": 246,
      "player": 1,
      "score": 694.280029296875,
      "version": "local@150"
    },
    {
      "lastTick": 9999,
      "player": 2,
      "score": 908.0,
      "version": "local@150"
    },
    {
      "lastTick": 227,
      "player": 3,
      "score": 674.8599853515625,
      "version": "final_v7b@150"
    },
    {
      "lastTick": 192,
      "player": 4,
      "score": 226.55999755859375,
      "version": "final_v7b@150"
    }
  ]
}