{
  "crashes": null,
  "game": {
    "id": 1637330500,
    "level": 7,
    "maxTick": 800,
    "seed": 838,
    "size": 21
  },
  "results": [
    {
      "lastTick": 245,
      "player": 1,
      "score": 1004.0999755859375,
      "version": "local@150"
    },
    {
      "lastTick": 245,
      "player": 2,
      "score": 998.0999755859375,
      "version": "local@150"
    },
    {
      "lastTick": 201,
      "player": 3,
      "score": 858.1799926757813,
      "version": "final_v7b@150"
    },
    {
      "lastTick": 201,
      "player": 4,
      "score": 816.1799926757813,
      "version": "final_v7b@150"
    }
  ]
}