g_id,g_level,g_maxTick,g_seed,g_size,p1_id,p1_version,p1_lastTick,p1_score,p2_id,p2_version,p2_lastTick,p2_score,p3_id,p3_version,p3_lastTick,p3_score,p4_id,p4_version,p4_lastTick,p4_score
1637475881,1,600,981,11,1,local@200,9999,1242,2,local@200,487,1038.8800048828125,3,final_v8@200,534,1304.1600341796875,4,final_v8@200,534,1180.1600341796875
1637475998,7,800,763,21,1,local@200,475,1397.5,2,local@200,475,2261.5,3,final_v8@200,475,1465.5,4,final_v8@200,475,1349.5
1637476103,5,850,384,17,1,local@200,496,776.0282592773438,2,local@200,410,585.4588012695312,3,final_v8@200,9999,1136,4,final_v8@200,577,997.7506103515625
