{
  "crashes": null,
  "game": {
    "id": 1637329199,
    "level": 5,
    "maxTick": 850,
    "seed": 326,
    "size": 17
  },
  "results": [
    {
      "lastTick": 9999,
      "player": 1,
      "score": 1254.0,
      "version": "local@150"
    },
    {
      "lastTick": 614,
      "player": 2,
      "score": 1304.018798828125,
      "version": "local@150"
    },
    {
      "lastTick": 614,
      "player": 3,
      "score": 1296.018798828125,
      "version": "final_v7b@150"
    },
    {
      "lastTick": 614,
      "player": 4,
      "score": 1266.018798828125,
      "version": "final_v7b@150"
    }
  ]
}