{
  "crashes": null,
  "game": {
    "id": 1637333210,
    "level": 9,
    "maxTick": 1000,
    "seed": 574,
    "size": 21
  },
  "results": [
    {
      "lastTick": 315,
      "player": 1,
      "score": 637.3599853515625,
      "version": "local@150"
    },
    {
      "lastTick": 315,
      "player": 2,
      "score": 649.3599853515625,
      "version": "local@150"
    },
    {
      "lastTick": 586,
      "player": 3,
      "score": 1068.384033203125,
      "version": "final_v7b@150"
    },
    {
      "lastTick": 586,
      "player": 4,
      "score": 1024.384033203125,
      "version": "final_v7b@150"
    }
  ]
}