{
  "crashes": null,
  "game": {
    "id": 1637330504,
    "level": 3,
    "maxTick": 1000,
    "seed": 297,
    "size": 19
  },
  "results": [
    {
      "lastTick": 9999,
      "player": 1,
      "score": 1248.0,
      "version": "local@150"
    },
    {
      "lastTick": 382,
      "player": 2,
      "score": 787.0079956054688,
      "version": "local@150"
    },
    {
      "lastTick": 446,
      "player": 3,
      "score": 884.2239990234375,
      "version": "final_v7b@150"
    },
    {
      "lastTick": 446,
      "player": 4,
      "score": 944.2239990234375,
      "version": "final_v7b@150"
    }
  ]
}