{
  "crashes": null,
  "game": {
    "id": 1637329230,
    "level": 9,
    "maxTick": 1000,
    "seed": 536,
    "size": 21
  },
  "results": [
    {
      "lastTick": 9999,
      "player": 1,
      "score": 1528.0,
      "version": "local@150"
    },
    {
      "lastTick": 703,
      "player": 2,
      "score": 1483.2320556640625,
      "version": "local@150"
    },
    {
      "lastTick": 703,
      "player": 3,
      "score": 1493.2320556640625,
      "version": "final_v7b@150"
    },
    {
      "lastTick": 724,
      "player": 4,
      "score": 1402.2559814453125,
      "version": "final_v7b@150"
    }
  ]
}