{
  "crashes": null,
  "game": {
    "id": 1637181589,
    "level": 9,
    "maxTick": 1000,
    "seed": 840,
    "size": 21
  },
  "results": [
    {
      "lastTick": 497,
      "player": 1,
      "score": 1148.5679931640625,
      "version": "final_v2@600"
    },
    {
      "lastTick": 588,
      "player": 2,
      "score": 1221.6719970703125,
      "version": "final_v3@600"
    },
    {
      "lastTick": 497,
      "player": 3,
      "score": 926.5679931640625,
      "version": "final_v4@600"
    },
    {
      "lastTick": 9999,
      "player": 4,
      "score": 1503.0,
      "version": "local@600"
    }
  ]
}