{
  "crashes": null,
  "game": {
    "id": 1637334165,
    "level": 8,
    "maxTick": 1200,
    "seed": 856,
    "size": 21
  },
  "results": [
    {
      "lastTick": 477,
      "player": 1,
      "score": 733.239990234375,
      "version": "local@150"
    },
    {
      "lastTick": 477,
      "player": 2,
      "score": 745.239990234375,
      "version": "local@150"
    },
    {
      "lastTick": 9999,
      "player": 3,
      "score": 992.0,
      "version": "final_v7b@150"
    },
    {
      "lastTick": 449,
      "player": 4,
      "score": 621.8800048828125,
      "version": "final_v7b@150"
    }
  ]
}