g_id,g_level,g_maxTick,g_seed,g_size,p1_id,p1_version,p1_lastTick,p1_score,p2_id,p2_version,p2_lastTick,p2_score,p3_id,p3_version,p3_lastTick,p3_score,p4_id,p4_version,p4_lastTick,p4_score
1637161476,7,800,517,21,1,final_v2@600,910,2030,2,final_v3@600,912,2778,3,final_v4@600,912,2622,4,local@600,911,2550
1637161958,10,800,168,15,1,final_v2@600,858,2164,2,final_v3@600,858,2108,3,final_v4@600,348,934.6400146484375,4,local@600,9999,2124
1637162347,10,800,583,15,1,final_v2@600,859,1704,2,final_v3@600,859,1760,3,final_v4@600,859,1778,4,local@600,859,1766
1637162739,3,1000,89,19,1,final_v2@600,1093,2755,2,final_v3@600,1093,2613,3,final_v4@600,1093,2845,4,local@600,263,1092.8719482421875
1637163248,6,900,567,21,1,final_v2@600,1012,2234,2,final_v3@600,1012,2754,3,final_v4@600,1012,2036,4,local@600,1012,2000
1637163741,9,1000,926,21,1,final_v2@600,1111,2007,2,final_v3@600,1112,2145,3,final_v4@600,1112,2109,4,local@600,1112,1691
