g_id,g_level,g_maxTick,g_seed,g_size,p1_id,p1_version,p1_lastTick,p1_score,p2_id,p2_version,p2_lastTick,p2_score,p3_id,p3_version,p3_lastTick,p3_score,p4_id,p4_version,p4_lastTick,p4_score
1637176629,9,1000,840,21,1,final_v2@600,392,767.447998046875,2,final_v3@600,1112,1749,3,final_v4@600,645,1283.8800048828125,4,local@600,1112,2133
1637177129,4,1000,311,21,1,final_v2@600,557,1672.2080078125,2,final_v3@600,1110,2346,3,final_v4@600,1110,2148,4,local@600,9999,2330
1637177666,2,900,647,9,1,final_v2@600,922,2360,2,final_v3@600,921,2318,3,final_v4@600,921,2322,4,local@600,922,2464
1637178064,8,1200,172,21,1,final_v2@600,246,389.5199890136719,2,final_v3@600,246,357.5199890136719,3,final_v4@600,1141,2030.9200439453125,4,local@600,9999,2122
1637178560,5,850,539,17,1,final_v2@600,257,646.538818359375,2,final_v3@600,714,1637.9599609375,3,final_v4@600,714,1637.9599609375,4,local@600,9999,1963
1637178907,4,1000,839,21,1,final_v2@600,702,1856.0880126953125,2,final_v3@600,839,2355.81591796875,3,final_v4@600,701,1799.9439697265625,4,local@600,9999,2375
