{
  "crashes": null,
  "game": {
    "id": 1637329187,
    "level": 3,
    "maxTick": 1000,
    "seed": 8,
    "size": 19
  },
  "results": [
    {
      "lastTick": 9999,
      "player": 1,
      "score": 1024.0,
      "version": "local@150"
    },
    {
      "lastTick": 211,
      "player": 2,
      "score": 954.3839721679688,
      "version": "local@150"
    },
    {
      "lastTick": 211,
      "player": 3,
      "score": 652.3839721679688,
      "version": "final_v7b@150"
    },
    {
      "lastTick": 211,
      "player": 4,
      "score": 688.3839721679688,
      "version": "final_v7b@150"
    }
  ]
}