{
  "crashes": null,
  "game": {
    "id": 1637177296,
    "level": 2,
    "maxTick": 900,
    "seed": 52,
    "size": 9
  },
  "results": [
    {
      "lastTick": 352,
      "player": 1,
      "score": 961.3200073242188,
      "version": "final_v2@600"
    },
    {
      "lastTick": 296,
      "player": 2,
      "score": 880.3599853515625,
      "version": "final_v3@600"
    },
    {
      "lastTick": 296,
      "player": 3,
      "score": 848.3599853515625,
      "version": "final_v4@600"
    },
    {
      "lastTick": 9999,
      "player": 4,
      "score": 1229.0,
      "version": "local@600"
    }
  ]
}