{
  "crashes": null,
  "game": {
    "id": 1637475899,
    "level": 6,
    "maxTick": 900,
    "seed": 841,
    "size": 21
  },
  "results": [
    {
      "lastTick": 9999,
      "player": 1,
      "score": 2791.0,
      "version": "local@200"
    },
    {
      "lastTick": 830,
      "player": 2,
      "score": 1123.800048828125,
      "version": "local@200"
    },
    {
      "lastTick": 830,
      "player": 3,
      "score": 1133.800048828125,
      "version": "final_v8@200"
    },
    {
      "lastTick": 830,
      "player": 4,
      "score": 1217.800048828125,
      "version": "final_v8@200"
    }
  ]
}