{
  "crashes": null,
  "game": {
    "id": 1637020722,
    "level": 9,
    "maxTick": 1000,
    "seed": 609,
    "size": 21
  },
  "results": [
    {
      "lastTick": 295,
      "player": 1,
      "score": 764.47998046875,
      "version": "final_v2b@600"
    },
    {
      "lastTick": 373,
      "player": 2,
      "score": 809.7119750976563,
      "version": "final_v2@600"
    },
    {
      "lastTick": 295,
      "player": 3,
      "score": 728.47998046875,
      "version": "final_v1@600"
    },
    {
      "lastTick": 9999,
      "player": 4,
      "score": 1440.0,
      "version": "local@600"
    }
  ]
}