{
  "crashes": null,
  "game": {
    "id": 1637334149,
    "level": 9,
    "maxTick": 1000,
    "seed": 567,
    "size": 21
  },
  "results": [
    {
      "lastTick": 517,
      "player": 1,
      "score": 782.447998046875,
      "version": "local@150"
    },
    {
      "lastTick": 517,
      "player": 2,
      "score": 776.447998046875,
      "version": "local@150"
    },
    {
      "lastTick": 257,
      "player": 3,
      "score": 647.0079956054688,
      "version": "final_v7b@150"
    },
    {
      "lastTick": 257,
      "player": 4,
      "score": 629.0079956054688,
      "version": "final_v7b@150"
    }
  ]
}