g_id,g_level,g_maxTick,g_seed,g_size,p1_id,p1_version,p1_lastTick,p1_score,p2_id,p2_version,p2_lastTick,p2_score,p3_id,p3_version,p3_lastTick,p3_score,p4_id,p4_version,p4_lastTick,p4_score
1637139020,7,800,8,21,1,final_v2@600,912,2171,2,final_v3@600,912,2379,3,final_v4@600,911,2193,4,local@600,911,2933
1637139485,8,1200,923,21,1,final_v2@600,1312,2364,2,final_v3@600,1312,2148,3,final_v4@600,1312,2202,4,local@600,1312,2334
1637140045,7,800,418,21,1,final_v2@600,911,1917,2,final_v3@600,912,2593,3,final_v4@600,912,2511,4,local@600,912,3023
1637140528,3,1000,512,19,1,final_v2@600,1092,2384,2,final_v3@600,229,712.9760131835938,3,final_v4@600,1093,2432,4,local@600,1093,2472
1637141039,7,800,655,21,1,final_v2@600,911,2089,2,final_v3@600,569,2111.419921875,3,final_v4@600,912,2703,4,local@600,912,2751
1637141526,2,900,36,9,1,final_v2@600,922,2977,2,final_v3@600,922,2913,3,final_v4@600,922,2991,4,local@600,922,3027
