{
  "crashes": null,
  "game": {
    "id": 1637332121,
    "level": 4,
    "maxTick": 1000,
    "seed": 919,
    "size": 21
  },
  "results": [
    {
      "lastTick": 671,
      "player": 1,
      "score": 1570.6240234375,
      "version": "local@150"
    },
    {
      "lastTick": 642,
      "player": 2,
      "score": 1516.447998046875,
      "version": "local@150"
    },
    {
      "lastTick": 9999,
      "player": 3,
      "score": 1894.0,
      "version": "final_v7b@150"
    },
    {
      "lastTick": 642,
      "player": 4,
      "score": 1360.447998046875,
      "version": "final_v7b@150"
    }
  ]
}