g_id,g_level,g_maxTick,g_seed,g_size,p1_id,p1_version,p1_lastTick,p1_score,p2_id,p2_version,p2_lastTick,p2_score,p3_id,p3_version,p3_lastTick,p3_score,p4_id,p4_version,p4_lastTick,p4_score
1637161469,10,800,934,15,1,final_v2@600,859,2185,2,final_v3@600,859,2081,3,final_v4@600,859,2145,4,local@600,859,1777
1637161869,7,800,115,21,1,final_v2@600,912,2336,2,final_v3@600,375,1525.5,3,final_v4@600,912,2978,4,local@600,340,1409.199951171875
1637162347,9,1000,676,21,1,final_v2@600,1112,1748,2,final_v3@600,1112,1822,3,final_v4@600,1112,1994,4,local@600,1112,1708
1637162841,4,1000,706,21,1,final_v2@600,543,1944.1920166015625,2,final_v3@600,1112,2406,3,final_v4@600,1112,2480,4,local@600,1112,2364
1637163420,5,850,158,17,1,final_v2@600,923,1780,2,final_v3@600,924,1872,3,final_v4@600,924,1906,4,local@600,924,1702
1637163848,8,1200,70,21,1,final_v2@600,285,385.20001220703125,2,final_v3@600,1312,2087,3,final_v4@600,1312,2199,4,local@600,1312,1995
