g_id,g_level,g_maxTick,g_seed,g_size,p1_id,p1_version,p1_lastTick,p1_score,p2_id,p2_version,p2_lastTick,p2_score,p3_id,p3_version,p3_lastTick,p3_score,p4_id,p4_version,p4_lastTick,p4_score
1637181531,4,1000,326,21,1,final_v2@600,1112,2390,2,final_v3@600,1112,2620,3,final_v4@600,1112,2502,4,local@600,307,1048.2080078125
1637182067,10,800,427,15,1,final_v2@600,857,1481,2,final_v3@600,336,995.47998046875,3,final_v4@600,336,1055.47998046875,4,local@600,9999,2073
1637182462,5,850,116,17,1,final_v2@600,586,1462.2752685546875,2,final_v3@600,923,1829,3,final_v4@600,923,1893,4,local@600,9999,1923
1637182891,10,800,142,15,1,final_v2@600,688,1595.8399658203125,2,final_v3@600,857,1796,3,final_v4@600,857,1808,4,local@600,9999,1848
1637183290,8,1200,886,21,1,final_v2@600,387,739.4400024414062,2,final_v3@600,1312,2229,3,final_v4@600,1312,2313,4,local@600,1312,2333
