{
  "crashes": null,
  "game": {
    "id": 1637332028,
    "level": 7,
    "maxTick": 800,
    "seed": 763,
    "size": 21
  },
  "results": [
    {
      "lastTick": 492,
      "player": 1,
      "score": 2443.56005859375,
      "version": "local@150"
    },
    {
      "lastTick": 9999,
      "player": 2,
      "score": 1567.0,
      "version": "local@150"
    },
    {
      "lastTick": 415,
      "player": 3,
      "score": 1119.699951171875,
      "version": "final_v7b@150"
    },
    {
      "lastTick": 340,
      "player": 4,
      "score": 886.2000122070313,
      "version": "final_v7b@150"
    }
  ]
}